--
-- PostgreSQL database dump
--

\restrict olJvHhZmPdXshzSco9NggL2cAgdNY0bEz6LPoDO9wCuDdKjz2MyaEPs0aHsgUQq

-- Dumped from database version 15.15 (Debian 15.15-1.pgdg13+1)
-- Dumped by pg_dump version 15.15 (Debian 15.15-1.pgdg13+1)

SET statement_timeout = 0;
SET lock_timeout = 0;
SET idle_in_transaction_session_timeout = 0;
SET client_encoding = 'UTF8';
SET standard_conforming_strings = on;
SELECT pg_catalog.set_config('search_path', '', false);
SET check_function_bodies = false;
SET xmloption = content;
SET client_min_messages = warning;
SET row_security = off;

SET default_tablespace = '';

SET default_table_access_method = heap;

--
-- Name: auth_group; Type: TABLE; Schema: public; Owner: -
--

CREATE TABLE public.auth_group (
    id integer NOT NULL,
    name character varying(150) NOT NULL
);


--
-- Name: auth_group_id_seq; Type: SEQUENCE; Schema: public; Owner: -
--

ALTER TABLE public.auth_group ALTER COLUMN id ADD GENERATED BY DEFAULT AS IDENTITY (
    SEQUENCE NAME public.auth_group_id_seq
    START WITH 1
    INCREMENT BY 1
    NO MINVALUE
    NO MAXVALUE
    CACHE 1
);


--
-- Name: auth_group_permissions; Type: TABLE; Schema: public; Owner: -
--

CREATE TABLE public.auth_group_permissions (
    id bigint NOT NULL,
    group_id integer NOT NULL,
    permission_id integer NOT NULL
);


--
-- Name: auth_group_permissions_id_seq; Type: SEQUENCE; Schema: public; Owner: -
--

ALTER TABLE public.auth_group_permissions ALTER COLUMN id ADD GENERATED BY DEFAULT AS IDENTITY (
    SEQUENCE NAME public.auth_group_permissions_id_seq
    START WITH 1
    INCREMENT BY 1
    NO MINVALUE
    NO MAXVALUE
    CACHE 1
);


--
-- Name: auth_permission; Type: TABLE; Schema: public; Owner: -
--

CREATE TABLE public.auth_permission (
    id integer NOT NULL,
    name character varying(255) NOT NULL,
    content_type_id integer NOT NULL,
    codename character varying(100) NOT NULL
);


--
-- Name: auth_permission_id_seq; Type: SEQUENCE; Schema: public; Owner: -
--

ALTER TABLE public.auth_permission ALTER COLUMN id ADD GENERATED BY DEFAULT AS IDENTITY (
    SEQUENCE NAME public.auth_permission_id_seq
    START WITH 1
    INCREMENT BY 1
    NO MINVALUE
    NO MAXVALUE
    CACHE 1
);


--
-- Name: authentication_user; Type: TABLE; Schema: public; Owner: -
--

CREATE TABLE public.authentication_user (
    id bigint NOT NULL,
    password character varying(128) NOT NULL,
    last_login timestamp with time zone,
    is_superuser boolean NOT NULL,
    username character varying(150) NOT NULL,
    is_staff boolean NOT NULL,
    is_active boolean NOT NULL,
    date_joined timestamp with time zone NOT NULL,
    email character varying(254) NOT NULL,
    first_name character varying(30) NOT NULL,
    last_name character varying(30) NOT NULL,
    phone character varying(20),
    timezone character varying(50) NOT NULL,
    date_format character varying(20) NOT NULL,
    time_format character varying(10) NOT NULL,
    profile_picture character varying(200),
    created_at timestamp with time zone NOT NULL,
    updated_at timestamp with time zone NOT NULL
);


--
-- Name: authentication_user_groups; Type: TABLE; Schema: public; Owner: -
--

CREATE TABLE public.authentication_user_groups (
    id bigint NOT NULL,
    user_id bigint NOT NULL,
    group_id integer NOT NULL
);


--
-- Name: authentication_user_groups_id_seq; Type: SEQUENCE; Schema: public; Owner: -
--

ALTER TABLE public.authentication_user_groups ALTER COLUMN id ADD GENERATED BY DEFAULT AS IDENTITY (
    SEQUENCE NAME public.authentication_user_groups_id_seq
    START WITH 1
    INCREMENT BY 1
    NO MINVALUE
    NO MAXVALUE
    CACHE 1
);


--
-- Name: authentication_user_id_seq; Type: SEQUENCE; Schema: public; Owner: -
--

ALTER TABLE public.authentication_user ALTER COLUMN id ADD GENERATED BY DEFAULT AS IDENTITY (
    SEQUENCE NAME public.authentication_user_id_seq
    START WITH 1
    INCREMENT BY 1
    NO MINVALUE
    NO MAXVALUE
    CACHE 1
);


--
-- Name: authentication_user_user_permissions; Type: TABLE; Schema: public; Owner: -
--

CREATE TABLE public.authentication_user_user_permissions (
    id bigint NOT NULL,
    user_id bigint NOT NULL,
    permission_id integer NOT NULL
);


--
-- Name: authentication_user_user_permissions_id_seq; Type: SEQUENCE; Schema: public; Owner: -
--

ALTER TABLE public.authentication_user_user_permissions ALTER COLUMN id ADD GENERATED BY DEFAULT AS IDENTITY (
    SEQUENCE NAME public.authentication_user_user_permissions_id_seq
    START WITH 1
    INCREMENT BY 1
    NO MINVALUE
    NO MAXVALUE
    CACHE 1
);


--
-- Name: calendar_app_calendar; Type: TABLE; Schema: public; Owner: -
--

CREATE TABLE public.calendar_app_calendar (
    id uuid NOT NULL,
    name character varying(200) NOT NULL,
    description text,
    color character varying(7) NOT NULL,
    visibility character varying(10) NOT NULL,
    timezone character varying(50) NOT NULL,
    is_active boolean NOT NULL,
    created_at timestamp with time zone NOT NULL,
    updated_at timestamp with time zone NOT NULL,
    owner_id bigint NOT NULL
);


--
-- Name: calendar_app_calendarshare; Type: TABLE; Schema: public; Owner: -
--

CREATE TABLE public.calendar_app_calendarshare (
    id bigint NOT NULL,
    permission character varying(10) NOT NULL,
    created_at timestamp with time zone NOT NULL,
    calendar_id uuid NOT NULL,
    user_id bigint NOT NULL
);


--
-- Name: calendar_app_calendarshare_id_seq; Type: SEQUENCE; Schema: public; Owner: -
--

ALTER TABLE public.calendar_app_calendarshare ALTER COLUMN id ADD GENERATED BY DEFAULT AS IDENTITY (
    SEQUENCE NAME public.calendar_app_calendarshare_id_seq
    START WITH 1
    INCREMENT BY 1
    NO MINVALUE
    NO MAXVALUE
    CACHE 1
);


--
-- Name: calendar_app_event; Type: TABLE; Schema: public; Owner: -
--

CREATE TABLE public.calendar_app_event (
    id uuid NOT NULL,
    title character varying(200) NOT NULL,
    description text,
    location character varying(200),
    start_time timestamp with time zone NOT NULL,
    end_time timestamp with time zone NOT NULL,
    all_day boolean NOT NULL,
    status character varying(10) NOT NULL,
    color character varying(7),
    recurrence_rule character varying(10) NOT NULL,
    recurrence_end_date date,
    recurrence_count integer,
    recurrence_interval integer NOT NULL,
    url character varying(200),
    is_private boolean NOT NULL,
    created_at timestamp with time zone NOT NULL,
    updated_at timestamp with time zone NOT NULL,
    calendar_id uuid NOT NULL,
    creator_id bigint NOT NULL,
    completed boolean NOT NULL,
    CONSTRAINT calendar_app_event_recurrence_count_check CHECK ((recurrence_count >= 0)),
    CONSTRAINT calendar_app_event_recurrence_interval_check CHECK ((recurrence_interval >= 0))
);


--
-- Name: calendar_app_eventattendee; Type: TABLE; Schema: public; Owner: -
--

CREATE TABLE public.calendar_app_eventattendee (
    id bigint NOT NULL,
    email character varying(254),
    name character varying(100),
    response character varying(10) NOT NULL,
    is_organizer boolean NOT NULL,
    created_at timestamp with time zone NOT NULL,
    updated_at timestamp with time zone NOT NULL,
    event_id uuid NOT NULL,
    user_id bigint NOT NULL
);


--
-- Name: calendar_app_eventattendee_id_seq; Type: SEQUENCE; Schema: public; Owner: -
--

ALTER TABLE public.calendar_app_eventattendee ALTER COLUMN id ADD GENERATED BY DEFAULT AS IDENTITY (
    SEQUENCE NAME public.calendar_app_eventattendee_id_seq
    START WITH 1
    INCREMENT BY 1
    NO MINVALUE
    NO MAXVALUE
    CACHE 1
);


--
-- Name: calendar_app_eventreminder; Type: TABLE; Schema: public; Owner: -
--

CREATE TABLE public.calendar_app_eventreminder (
    id bigint NOT NULL,
    reminder_type character varying(10) NOT NULL,
    minutes_before integer NOT NULL,
    is_sent boolean NOT NULL,
    created_at timestamp with time zone NOT NULL,
    event_id uuid NOT NULL,
    user_id bigint NOT NULL,
    CONSTRAINT calendar_app_eventreminder_minutes_before_check CHECK ((minutes_before >= 0))
);


--
-- Name: calendar_app_eventreminder_id_seq; Type: SEQUENCE; Schema: public; Owner: -
--

ALTER TABLE public.calendar_app_eventreminder ALTER COLUMN id ADD GENERATED BY DEFAULT AS IDENTITY (
    SEQUENCE NAME public.calendar_app_eventreminder_id_seq
    START WITH 1
    INCREMENT BY 1
    NO MINVALUE
    NO MAXVALUE
    CACHE 1
);


--
-- Name: calendar_app_goal; Type: TABLE; Schema: public; Owner: -
--

CREATE TABLE public.calendar_app_goal (
    id uuid NOT NULL,
    title character varying(200) NOT NULL,
    description text,
    frequency character varying(10) NOT NULL,
    priority character varying(10) NOT NULL,
    status character varying(10) NOT NULL,
    target_value integer,
    current_value integer NOT NULL,
    unit character varying(50),
    start_date date NOT NULL,
    end_date date,
    color character varying(7) NOT NULL,
    is_active boolean NOT NULL,
    created_at timestamp with time zone NOT NULL,
    updated_at timestamp with time zone NOT NULL,
    user_id bigint NOT NULL,
    is_completed boolean NOT NULL,
    CONSTRAINT calendar_app_goal_current_value_check CHECK ((current_value >= 0)),
    CONSTRAINT calendar_app_goal_target_value_check CHECK ((target_value >= 0))
);


--
-- Name: calendar_app_goalprogress; Type: TABLE; Schema: public; Owner: -
--

CREATE TABLE public.calendar_app_goalprogress (
    id bigint NOT NULL,
    date date NOT NULL,
    value integer NOT NULL,
    notes text,
    created_at timestamp with time zone NOT NULL,
    goal_id uuid NOT NULL,
    CONSTRAINT calendar_app_goalprogress_value_check CHECK ((value >= 0))
);


--
-- Name: calendar_app_goalprogress_id_seq; Type: SEQUENCE; Schema: public; Owner: -
--

ALTER TABLE public.calendar_app_goalprogress ALTER COLUMN id ADD GENERATED BY DEFAULT AS IDENTITY (
    SEQUENCE NAME public.calendar_app_goalprogress_id_seq
    START WITH 1
    INCREMENT BY 1
    NO MINVALUE
    NO MAXVALUE
    CACHE 1
);


--
-- Name: calendar_app_responsibility; Type: TABLE; Schema: public; Owner: -
--

CREATE TABLE public.calendar_app_responsibility (
    id uuid NOT NULL,
    title character varying(200) NOT NULL,
    description text,
    frequency character varying(10) NOT NULL,
    priority character varying(10) NOT NULL,
    status character varying(10) NOT NULL,
    start_date date NOT NULL,
    due_date date,
    completed_date timestamp with time zone,
    next_due_date date,
    estimated_hours numeric(5,2),
    actual_hours numeric(5,2),
    color character varying(7) NOT NULL,
    is_active boolean NOT NULL,
    created_at timestamp with time zone NOT NULL,
    updated_at timestamp with time zone NOT NULL,
    assigned_to_id bigint,
    user_id bigint NOT NULL
);


--
-- Name: calendar_app_responsibilitycompletion; Type: TABLE; Schema: public; Owner: -
--

CREATE TABLE public.calendar_app_responsibilitycompletion (
    id bigint NOT NULL,
    completed_date timestamp with time zone NOT NULL,
    hours_spent numeric(5,2),
    notes text,
    quality_rating smallint,
    responsibility_id uuid NOT NULL,
    CONSTRAINT calendar_app_responsibilitycompletion_quality_rating_check CHECK ((quality_rating >= 0))
);


--
-- Name: calendar_app_responsibilitycompletion_id_seq; Type: SEQUENCE; Schema: public; Owner: -
--

ALTER TABLE public.calendar_app_responsibilitycompletion ALTER COLUMN id ADD GENERATED BY DEFAULT AS IDENTITY (
    SEQUENCE NAME public.calendar_app_responsibilitycompletion_id_seq
    START WITH 1
    INCREMENT BY 1
    NO MINVALUE
    NO MAXVALUE
    CACHE 1
);


--
-- Name: django_admin_log; Type: TABLE; Schema: public; Owner: -
--

CREATE TABLE public.django_admin_log (
    id integer NOT NULL,
    action_time timestamp with time zone NOT NULL,
    object_id text,
    object_repr character varying(200) NOT NULL,
    action_flag smallint NOT NULL,
    change_message text NOT NULL,
    content_type_id integer,
    user_id bigint NOT NULL,
    CONSTRAINT django_admin_log_action_flag_check CHECK ((action_flag >= 0))
);


--
-- Name: django_admin_log_id_seq; Type: SEQUENCE; Schema: public; Owner: -
--

ALTER TABLE public.django_admin_log ALTER COLUMN id ADD GENERATED BY DEFAULT AS IDENTITY (
    SEQUENCE NAME public.django_admin_log_id_seq
    START WITH 1
    INCREMENT BY 1
    NO MINVALUE
    NO MAXVALUE
    CACHE 1
);


--
-- Name: django_content_type; Type: TABLE; Schema: public; Owner: -
--

CREATE TABLE public.django_content_type (
    id integer NOT NULL,
    app_label character varying(100) NOT NULL,
    model character varying(100) NOT NULL
);


--
-- Name: django_content_type_id_seq; Type: SEQUENCE; Schema: public; Owner: -
--

ALTER TABLE public.django_content_type ALTER COLUMN id ADD GENERATED BY DEFAULT AS IDENTITY (
    SEQUENCE NAME public.django_content_type_id_seq
    START WITH 1
    INCREMENT BY 1
    NO MINVALUE
    NO MAXVALUE
    CACHE 1
);


--
-- Name: django_migrations; Type: TABLE; Schema: public; Owner: -
--

CREATE TABLE public.django_migrations (
    id bigint NOT NULL,
    app character varying(255) NOT NULL,
    name character varying(255) NOT NULL,
    applied timestamp with time zone NOT NULL
);


--
-- Name: django_migrations_id_seq; Type: SEQUENCE; Schema: public; Owner: -
--

ALTER TABLE public.django_migrations ALTER COLUMN id ADD GENERATED BY DEFAULT AS IDENTITY (
    SEQUENCE NAME public.django_migrations_id_seq
    START WITH 1
    INCREMENT BY 1
    NO MINVALUE
    NO MAXVALUE
    CACHE 1
);


--
-- Name: django_session; Type: TABLE; Schema: public; Owner: -
--

CREATE TABLE public.django_session (
    session_key character varying(40) NOT NULL,
    session_data text NOT NULL,
    expire_date timestamp with time zone NOT NULL
);


--
-- Name: finance_account; Type: TABLE; Schema: public; Owner: -
--

CREATE TABLE public.finance_account (
    id uuid NOT NULL,
    name character varying(200) NOT NULL,
    account_type character varying(10) NOT NULL,
    description text,
    currency character varying(3) NOT NULL,
    initial_balance numeric(12,2) NOT NULL,
    current_balance numeric(12,2) NOT NULL,
    color character varying(7) NOT NULL,
    icon character varying(50),
    is_active boolean NOT NULL,
    created_at timestamp with time zone NOT NULL,
    updated_at timestamp with time zone NOT NULL,
    owner_id bigint NOT NULL
);


--
-- Name: finance_accountmember; Type: TABLE; Schema: public; Owner: -
--

CREATE TABLE public.finance_accountmember (
    id bigint NOT NULL,
    role character varying(10) NOT NULL,
    created_at timestamp with time zone NOT NULL,
    account_id uuid NOT NULL,
    user_id bigint NOT NULL
);


--
-- Name: finance_accountmember_id_seq; Type: SEQUENCE; Schema: public; Owner: -
--

ALTER TABLE public.finance_accountmember ALTER COLUMN id ADD GENERATED BY DEFAULT AS IDENTITY (
    SEQUENCE NAME public.finance_accountmember_id_seq
    START WITH 1
    INCREMENT BY 1
    NO MINVALUE
    NO MAXVALUE
    CACHE 1
);


--
-- Name: finance_budget; Type: TABLE; Schema: public; Owner: -
--

CREATE TABLE public.finance_budget (
    id uuid NOT NULL,
    amount numeric(12,2) NOT NULL,
    period character varying(10) NOT NULL,
    start_date date NOT NULL,
    end_date date,
    color character varying(7) NOT NULL,
    is_active boolean NOT NULL,
    created_at timestamp with time zone NOT NULL,
    updated_at timestamp with time zone NOT NULL,
    account_id uuid,
    category_id uuid NOT NULL,
    user_id bigint NOT NULL
);


--
-- Name: finance_category; Type: TABLE; Schema: public; Owner: -
--

CREATE TABLE public.finance_category (
    id uuid NOT NULL,
    name character varying(100) NOT NULL,
    category_type character varying(10) NOT NULL,
    color character varying(7) NOT NULL,
    icon character varying(50),
    is_tax_deductible boolean NOT NULL,
    tax_category character varying(100),
    is_active boolean NOT NULL,
    created_at timestamp with time zone NOT NULL,
    parent_id uuid,
    user_id bigint
);


--
-- Name: finance_financialgoal; Type: TABLE; Schema: public; Owner: -
--

CREATE TABLE public.finance_financialgoal (
    id uuid NOT NULL,
    goal_type character varying(20) NOT NULL,
    target_amount numeric(12,2) NOT NULL,
    current_amount numeric(12,2) NOT NULL,
    created_at timestamp with time zone NOT NULL,
    updated_at timestamp with time zone NOT NULL,
    account_id uuid,
    goal_id uuid NOT NULL
);


--
-- Name: finance_recurringtransaction; Type: TABLE; Schema: public; Owner: -
--

CREATE TABLE public.finance_recurringtransaction (
    id uuid NOT NULL,
    transaction_type character varying(10) NOT NULL,
    amount numeric(12,2) NOT NULL,
    description character varying(500) NOT NULL,
    notes text,
    frequency character varying(10) NOT NULL,
    start_date date NOT NULL,
    end_date date,
    next_due_date date NOT NULL,
    day_of_month smallint,
    is_tax_deductible boolean NOT NULL,
    tax_category character varying(100),
    auto_create_calendar_event boolean NOT NULL,
    reminder_days_before smallint NOT NULL,
    is_active boolean NOT NULL,
    created_at timestamp with time zone NOT NULL,
    updated_at timestamp with time zone NOT NULL,
    account_id uuid NOT NULL,
    category_id uuid,
    created_by_id bigint NOT NULL,
    transfer_to_account_id uuid,
    CONSTRAINT finance_recurringtransaction_day_of_month_check CHECK ((day_of_month >= 0)),
    CONSTRAINT finance_recurringtransaction_reminder_days_before_check CHECK ((reminder_days_before >= 0))
);


--
-- Name: finance_subscription; Type: TABLE; Schema: public; Owner: -
--

CREATE TABLE public.finance_subscription (
    id uuid NOT NULL,
    name character varying(200) NOT NULL,
    description text,
    website_url character varying(200),
    cost numeric(10,2) NOT NULL,
    billing_cycle character varying(10) NOT NULL,
    next_billing_date date NOT NULL,
    status character varying(10) NOT NULL,
    color character varying(7) NOT NULL,
    notify_before_renewal smallint NOT NULL,
    auto_create_transaction boolean NOT NULL,
    notes text,
    started_date date,
    cancelled_date date,
    is_active boolean NOT NULL,
    created_at timestamp with time zone NOT NULL,
    updated_at timestamp with time zone NOT NULL,
    account_id uuid,
    category_id uuid,
    user_id bigint NOT NULL,
    CONSTRAINT finance_subscription_notify_before_renewal_check CHECK ((notify_before_renewal >= 0))
);


--
-- Name: finance_transaction; Type: TABLE; Schema: public; Owner: -
--

CREATE TABLE public.finance_transaction (
    id uuid NOT NULL,
    transaction_type character varying(10) NOT NULL,
    amount numeric(12,2) NOT NULL,
    description character varying(500) NOT NULL,
    notes text,
    date date NOT NULL,
    status character varying(12) NOT NULL,
    is_tax_deductible boolean NOT NULL,
    tax_category character varying(100),
    tags jsonb NOT NULL,
    attachment_url character varying(200),
    is_active boolean NOT NULL,
    created_at timestamp with time zone NOT NULL,
    updated_at timestamp with time zone NOT NULL,
    account_id uuid NOT NULL,
    calendar_event_id uuid,
    category_id uuid,
    created_by_id bigint NOT NULL,
    recurring_transaction_id uuid,
    transfer_to_account_id uuid,
    transfer_transaction_id uuid
);


--
-- Data for Name: auth_group; Type: TABLE DATA; Schema: public; Owner: -
--

COPY public.auth_group (id, name) FROM stdin;
\.


--
-- Data for Name: auth_group_permissions; Type: TABLE DATA; Schema: public; Owner: -
--

COPY public.auth_group_permissions (id, group_id, permission_id) FROM stdin;
\.


--
-- Data for Name: auth_permission; Type: TABLE DATA; Schema: public; Owner: -
--

COPY public.auth_permission (id, name, content_type_id, codename) FROM stdin;
1	Can add log entry	1	add_logentry
2	Can change log entry	1	change_logentry
3	Can delete log entry	1	delete_logentry
4	Can view log entry	1	view_logentry
5	Can add permission	2	add_permission
6	Can change permission	2	change_permission
7	Can delete permission	2	delete_permission
8	Can view permission	2	view_permission
9	Can add group	3	add_group
10	Can change group	3	change_group
11	Can delete group	3	delete_group
12	Can view group	3	view_group
13	Can add content type	4	add_contenttype
14	Can change content type	4	change_contenttype
15	Can delete content type	4	delete_contenttype
16	Can view content type	4	view_contenttype
17	Can add session	5	add_session
18	Can change session	5	change_session
19	Can delete session	5	delete_session
20	Can view session	5	view_session
21	Can add user	6	add_user
22	Can change user	6	change_user
23	Can delete user	6	delete_user
24	Can view user	6	view_user
25	Can add calendar	7	add_calendar
26	Can change calendar	7	change_calendar
27	Can delete calendar	7	delete_calendar
28	Can view calendar	7	view_calendar
29	Can add event	8	add_event
30	Can change event	8	change_event
31	Can delete event	8	delete_event
32	Can view event	8	view_event
33	Can add calendar share	9	add_calendarshare
34	Can change calendar share	9	change_calendarshare
35	Can delete calendar share	9	delete_calendarshare
36	Can view calendar share	9	view_calendarshare
37	Can add event attendee	10	add_eventattendee
38	Can change event attendee	10	change_eventattendee
39	Can delete event attendee	10	delete_eventattendee
40	Can view event attendee	10	view_eventattendee
41	Can add event reminder	11	add_eventreminder
42	Can change event reminder	11	change_eventreminder
43	Can delete event reminder	11	delete_eventreminder
44	Can view event reminder	11	view_eventreminder
45	Can add goal	12	add_goal
46	Can change goal	12	change_goal
47	Can delete goal	12	delete_goal
48	Can view goal	12	view_goal
49	Can add responsibility	13	add_responsibility
50	Can change responsibility	13	change_responsibility
51	Can delete responsibility	13	delete_responsibility
52	Can view responsibility	13	view_responsibility
53	Can add responsibility completion	14	add_responsibilitycompletion
54	Can change responsibility completion	14	change_responsibilitycompletion
55	Can delete responsibility completion	14	delete_responsibilitycompletion
56	Can view responsibility completion	14	view_responsibilitycompletion
57	Can add goal progress	15	add_goalprogress
58	Can change goal progress	15	change_goalprogress
59	Can delete goal progress	15	delete_goalprogress
60	Can view goal progress	15	view_goalprogress
61	Can add account	16	add_account
62	Can change account	16	change_account
63	Can delete account	16	delete_account
64	Can view account	16	view_account
65	Can add category	17	add_category
66	Can change category	17	change_category
67	Can delete category	17	delete_category
68	Can view category	17	view_category
69	Can add recurring transaction	18	add_recurringtransaction
70	Can change recurring transaction	18	change_recurringtransaction
71	Can delete recurring transaction	18	delete_recurringtransaction
72	Can view recurring transaction	18	view_recurringtransaction
73	Can add transaction	19	add_transaction
74	Can change transaction	19	change_transaction
75	Can delete transaction	19	delete_transaction
76	Can view transaction	19	view_transaction
77	Can add budget	20	add_budget
78	Can change budget	20	change_budget
79	Can delete budget	20	delete_budget
80	Can view budget	20	view_budget
81	Can add account member	21	add_accountmember
82	Can change account member	21	change_accountmember
83	Can delete account member	21	delete_accountmember
84	Can view account member	21	view_accountmember
85	Can add financial goal	22	add_financialgoal
86	Can change financial goal	22	change_financialgoal
87	Can delete financial goal	22	delete_financialgoal
88	Can view financial goal	22	view_financialgoal
89	Can add subscription	23	add_subscription
90	Can change subscription	23	change_subscription
91	Can delete subscription	23	delete_subscription
92	Can view subscription	23	view_subscription
\.


--
-- Data for Name: authentication_user; Type: TABLE DATA; Schema: public; Owner: -
--

COPY public.authentication_user (id, password, last_login, is_superuser, username, is_staff, is_active, date_joined, email, first_name, last_name, phone, timezone, date_format, time_format, profile_picture, created_at, updated_at) FROM stdin;
1	pbkdf2_sha256$1000000$adi91ISFrxHg5TSA5TY46z$pL60Ke3vnO3TDNMISth5kCS+qqPOREksi3bzqB4uhl0=	2026-01-27 10:13:55.646851+00	t	andrewbrowne	t	t	2026-01-27 02:51:13.536603+00	andrewbrowne161@gmail.com			\N	UTC	MM/dd/yyyy	12	\N	2026-01-27 02:51:13.734203+00	2026-01-27 02:51:13.73421+00
\.


--
-- Data for Name: authentication_user_groups; Type: TABLE DATA; Schema: public; Owner: -
--

COPY public.authentication_user_groups (id, user_id, group_id) FROM stdin;
\.


--
-- Data for Name: authentication_user_user_permissions; Type: TABLE DATA; Schema: public; Owner: -
--

COPY public.authentication_user_user_permissions (id, user_id, permission_id) FROM stdin;
\.


--
-- Data for Name: calendar_app_calendar; Type: TABLE DATA; Schema: public; Owner: -
--

COPY public.calendar_app_calendar (id, name, description, color, visibility, timezone, is_active, created_at, updated_at, owner_id) FROM stdin;
50a0aded-34b2-4c86-83a3-e03e4a6f44fe	Training		#3788d8	private	ETC	t	2026-01-27 10:14:54.334278+00	2026-01-27 10:14:54.334292+00	1
d9c03d2c-b2c8-493b-bbd2-b8339a5fe536	General		#3788d8	private	ETC	t	2026-01-27 10:14:37.841843+00	2026-01-27 10:14:59.967437+00	1
8830ad0e-2c0e-4b4b-a955-80f5a748126d	AI-ALOE		#3788d8	private	ETC	t	2026-01-27 10:14:22.096219+00	2026-01-27 10:15:15.423221+00	1
\.


--
-- Data for Name: calendar_app_calendarshare; Type: TABLE DATA; Schema: public; Owner: -
--

COPY public.calendar_app_calendarshare (id, permission, created_at, calendar_id, user_id) FROM stdin;
\.


--
-- Data for Name: calendar_app_event; Type: TABLE DATA; Schema: public; Owner: -
--

COPY public.calendar_app_event (id, title, description, location, start_time, end_time, all_day, status, color, recurrence_rule, recurrence_end_date, recurrence_count, recurrence_interval, url, is_private, created_at, updated_at, calendar_id, creator_id, completed) FROM stdin;
5508e763-a428-4038-a2a1-f01279db0918	Read Darby's Sami paper	Review research paper by Darby on Sami	\N	2026-01-27 11:00:00+00	2026-01-27 12:00:00+00	f	confirmed	\N	none	\N	\N	1	\N	f	2026-01-27 10:29:15.324406+00	2026-01-27 10:29:15.324412+00	d9c03d2c-b2c8-493b-bbd2-b8339a5fe536	1	f
ab127670-36e2-4950-9ad2-8c9cdef0dc3a	Make plans for one-on-ones	Schedule and prepare for one-on-one meetings	\N	2026-01-27 14:00:00+00	2026-01-27 15:00:00+00	f	confirmed	\N	none	\N	\N	1	\N	f	2026-01-27 10:29:31.023757+00	2026-01-27 10:29:31.023762+00	d9c03d2c-b2c8-493b-bbd2-b8339a5fe536	1	f
61c39199-5a4b-4b6d-84bc-07ee1239e1ad	make biography for aialoe		\N	2026-01-27 17:00:00+00	2026-01-27 17:30:00+00	f	confirmed	\N	none	\N	\N	1	\N	f	2026-01-27 10:31:10.810117+00	2026-01-27 14:20:38.431562+00	8830ad0e-2c0e-4b4b-a955-80f5a748126d	1	t
df9ddcf3-e791-44c6-b6d0-3a2b98a53a82	Sign up for Slack	Register for Slack workspace	\N	2026-01-27 13:00:00+00	2026-01-27 13:30:00+00	f	confirmed	\N	none	\N	\N	1	\N	f	2026-01-27 10:29:23.644408+00	2026-01-27 20:06:10.828851+00	d9c03d2c-b2c8-493b-bbd2-b8339a5fe536	1	t
7e7a9144-a45d-4076-bdd9-46ae43f0e6ca	Make work schedule	Reminder to prepare work schedule	\N	2026-01-28 09:00:00+00	2026-01-28 09:30:00+00	f	confirmed	\N	none	\N	\N	1	\N	f	2026-01-28 12:06:10.338721+00	2026-01-28 12:06:10.33873+00	d9c03d2c-b2c8-493b-bbd2-b8339a5fe536	1	f
96e16b36-02dc-46ce-a5b6-b069a796d39c	Work with Phil on tech campus	Meeting with Phil at the tech campus	\N	2026-01-28 10:00:00+00	2026-01-28 11:00:00+00	f	confirmed	\N	none	\N	\N	1	\N	f	2026-01-28 12:06:19.932088+00	2026-01-28 12:06:19.932094+00	d9c03d2c-b2c8-493b-bbd2-b8339a5fe536	1	f
42673d43-516e-4ac4-a1b2-f55431623411	Read Darby's paper and annotate	Read and annotate Darby's paper. Get it back to her by 1:00 PM.	\N	2026-01-28 11:30:00+00	2026-01-28 13:00:00+00	f	confirmed	\N	none	\N	\N	1	\N	f	2026-01-28 12:06:30.198156+00	2026-01-28 12:06:30.198165+00	d9c03d2c-b2c8-493b-bbd2-b8339a5fe536	1	f
30fc2e7b-c88d-4b1b-9117-110ab1c2e347	Run	Go for a run by 3:00 PM	\N	2026-01-28 14:00:00+00	2026-01-28 15:00:00+00	f	confirmed	\N	none	\N	\N	1	\N	f	2026-01-28 12:06:41.863513+00	2026-01-28 12:06:41.86352+00	50a0aded-34b2-4c86-83a3-e03e4a6f44fe	1	f
3ef99e28-657a-423e-86d8-25d2121a2405	Ice bath	Take an ice bath for recovery	\N	2026-01-28 19:00:00+00	2026-01-28 19:30:00+00	f	confirmed	\N	none	\N	\N	1	\N	f	2026-01-28 12:06:51.929233+00	2026-01-28 12:06:51.929242+00	50a0aded-34b2-4c86-83a3-e03e4a6f44fe	1	f
e992374e-b2c7-4dbf-bdfd-7fb1b12d3db6	Email Dr I about papers sorry in advance	Send email to Dr I to apologize about papers	\N	2026-01-28 12:00:00+00	2026-01-28 12:30:00+00	f	confirmed	\N	none	\N	\N	1	\N	f	2026-01-28 15:27:19.249608+00	2026-01-28 15:27:19.249617+00	d9c03d2c-b2c8-493b-bbd2-b8339a5fe536	1	f
586be246-2b78-486a-8db2-7d57e016f332	Email Patrick about getting on the board of Gwinnett tech	Contact Patrick regarding position on the board of Gwinnett tech	\N	2026-01-28 16:30:00+00	2026-01-28 17:00:00+00	f	confirmed	\N	none	\N	\N	1	\N	f	2026-01-28 15:27:30.705936+00	2026-01-28 15:27:30.705944+00	d9c03d2c-b2c8-493b-bbd2-b8339a5fe536	1	f
f193554b-53d5-4c1f-9c89-6063f0ee8895	Put in tutoring hours at bespoke by 4 pm	Complete tutoring hours at bespoke	\N	2026-01-28 15:30:00+00	2026-01-28 16:00:00+00	f	confirmed	\N	none	\N	\N	1	\N	f	2026-01-28 15:27:40.014277+00	2026-01-28 15:27:40.014285+00	d9c03d2c-b2c8-493b-bbd2-b8339a5fe536	1	f
e57f900c-a148-4d49-b87c-ca7c093f7e11	Take Gabby to eat somewhere	Dinner with Gabby at a restaurant	\N	2026-02-05 00:00:00+00	2026-02-06 01:30:00+00	f	confirmed	\N	none	\N	\N	1	\N	f	2026-02-02 11:51:32.017882+00	2026-02-03 11:11:40.339102+00	d9c03d2c-b2c8-493b-bbd2-b8339a5fe536	1	f
3ba12c8c-2c6b-4dee-9434-771c3b0b3b13	Email students about 1 on 1s	\N	\N	2026-02-04 14:00:00+00	2026-02-04 15:00:00+00	f	confirmed	\N	none	\N	\N	1	\N	f	2026-02-04 01:47:13.478148+00	2026-02-04 01:47:35.000782+00	8830ad0e-2c0e-4b4b-a955-80f5a748126d	1	f
b6da10b6-31f7-4156-966c-f29569fb1ec5	Study for tutoring session	Study session for 1.5 hours	\N	2026-02-03 19:00:00+00	2026-02-03 20:30:00+00	f	confirmed	\N	none	\N	\N	1	\N	f	2026-02-02 11:40:13.585113+00	2026-02-03 11:13:26.51401+00	d9c03d2c-b2c8-493b-bbd2-b8339a5fe536	1	f
bd0f2316-d091-4a64-8a36-39eb2729e99c	Get some food and cook	Get groceries and prepare dinner	\N	2026-02-03 22:00:00+00	2026-02-03 22:45:00+00	f	confirmed	\N	none	\N	\N	1	\N	f	2026-02-02 11:47:04.367057+00	2026-02-03 11:13:39.591411+00	d9c03d2c-b2c8-493b-bbd2-b8339a5fe536	1	f
b18e441d-0d6a-48c9-ab09-dc3f51cca55f	Text Gabby about Kevin's housewarming	Text Gabby to ask when Kevin Quigley's housewarming is	\N	2026-02-02 16:00:00+00	2026-02-02 16:15:00+00	f	confirmed	\N	none	\N	\N	1	\N	f	2026-02-02 13:21:27.513938+00	2026-02-02 16:44:00.185341+00	d9c03d2c-b2c8-493b-bbd2-b8339a5fe536	1	t
3259a666-b158-4d25-aae6-5bf5461a6930	Meet with Sandeep	Meeting with Sandeep	\N	2026-02-02 15:00:00+00	2026-02-02 15:30:00+00	f	confirmed	\N	none	\N	\N	1	\N	f	2026-02-02 11:39:32.424549+00	2026-02-03 11:10:40.425489+00	d9c03d2c-b2c8-493b-bbd2-b8339a5fe536	1	t
21f0e115-3b8e-4b18-b074-40e43da63c15	Remind Ashok to fix payments on payroll	Follow up with Ashok about fixing payments on payroll	\N	2026-02-02 14:00:00+00	2026-02-02 14:30:00+00	f	confirmed	\N	none	\N	\N	1	\N	f	2026-02-02 11:39:12.700265+00	2026-02-03 11:10:49.127688+00	d9c03d2c-b2c8-493b-bbd2-b8339a5fe536	1	t
164ceb6f-8675-41ac-99a9-7f2933109e0d	Email Jisu re: TMK models for SAMI standardization	Send email to Jisu to find TMK models for SAMI standardization	\N	2026-02-02 13:00:00+00	2026-02-02 13:30:00+00	f	confirmed	\N	none	\N	\N	1	\N	f	2026-02-02 16:36:57.257197+00	2026-02-03 11:10:54.564042+00	d9c03d2c-b2c8-493b-bbd2-b8339a5fe536	1	t
bae09eba-2bc1-4977-b23e-44916e5284ab	Getting calculator	Pickup calculator at 6pm EST (Updated with more reminders)	\N	2026-02-03 23:00:00+00	2026-02-03 23:30:00+00	f	confirmed	\N	none	\N	\N	1	\N	f	2026-02-02 11:31:39.396012+00	2026-02-03 11:13:52.093959+00	d9c03d2c-b2c8-493b-bbd2-b8339a5fe536	1	f
9b33551e-c9e2-4cab-aebd-a7dc1359f866	Tutor Kartik	\N	\N	2026-02-04 23:00:00+00	2026-02-04 23:30:00+00	f	confirmed	\N	none	\N	\N	1	\N	f	2026-02-04 11:41:39.179154+00	2026-02-05 02:56:15.695866+00	8830ad0e-2c0e-4b4b-a955-80f5a748126d	1	t
766b17a7-51ab-455a-a97f-007647eb7bc1	30 minutes of film	\N	\N	2026-02-03 23:00:00+00	2026-02-03 23:30:00+00	f	confirmed	\N	none	\N	\N	1	\N	f	2026-02-03 11:42:15.497553+00	2026-02-03 11:42:57.057058+00	50a0aded-34b2-4c86-83a3-e03e4a6f44fe	1	f
7912c324-b7aa-4a0b-9f0d-c6ecda2ba30d	Email Sally	Send email to Sally	\N	2026-02-03 18:00:00+00	2026-02-03 18:30:00+00	f	confirmed	\N	none	\N	\N	1	\N	f	2026-02-03 12:27:51.775674+00	2026-02-03 12:27:51.775681+00	d9c03d2c-b2c8-493b-bbd2-b8339a5fe536	1	f
a67e90bc-e960-4737-bf4c-f49f6eda540a	Make slides for meeting	Preparation of slides for upcoming meeting	\N	2026-02-03 12:00:00+00	2026-02-03 15:00:00+00	f	confirmed	\N	none	\N	\N	1	\N	f	2026-02-03 11:57:58.984068+00	2026-02-03 19:13:00.917111+00	d9c03d2c-b2c8-493b-bbd2-b8339a5fe536	1	t
b92608ae-373d-4496-b54a-ab0fa403ebce	Email Dr. Iyer	Send email to Dr. Iyer	\N	2026-02-03 14:00:00+00	2026-02-03 14:30:00+00	f	confirmed	\N	none	\N	\N	1	\N	f	2026-02-02 11:38:51.634441+00	2026-02-03 19:13:05.754111+00	d9c03d2c-b2c8-493b-bbd2-b8339a5fe536	1	t
d0501da6-2559-48ee-8cca-9eb76a5126b0	Email Darby	Send email to Darby	\N	2026-02-03 15:00:00+00	2026-02-03 15:30:00+00	f	confirmed	\N	none	\N	\N	1	\N	f	2026-02-02 11:39:52.59633+00	2026-02-03 19:13:09.197377+00	d9c03d2c-b2c8-493b-bbd2-b8339a5fe536	1	t
b7754e95-7500-4bb9-b495-7ed1cea772b8	Sami technical meeting	Technical discussion about Sami project in ETC timezone	\N	2026-02-03 17:00:00+00	2026-02-03 18:00:00+00	f	confirmed	\N	none	\N	\N	1	\N	f	2026-02-03 11:58:11.790566+00	2026-02-03 19:13:12.717539+00	d9c03d2c-b2c8-493b-bbd2-b8339a5fe536	1	t
998bee2c-7530-4eb7-96fe-0b7e9cd7a95d	Geek Squad	Appointment with Geek Squad at 6:40pm EST (Updated with more reminders)	\N	2026-02-03 18:20:00+00	2026-02-04 18:40:00+00	f	confirmed	\N	none	\N	\N	1	\N	f	2026-02-02 11:31:52.021999+00	2026-02-03 19:13:17.01556+00	d9c03d2c-b2c8-493b-bbd2-b8339a5fe536	1	t
84e72a30-61f7-4711-87e7-be2b20192083	Schedule w/ Sandeep	Meeting with Sandeep	\N	2026-02-04 16:30:00+00	2026-02-04 17:00:00+00	f	confirmed	\N	none	\N	\N	1	\N	f	2026-02-03 20:51:16.663207+00	2026-02-03 20:51:16.663214+00	d9c03d2c-b2c8-493b-bbd2-b8339a5fe536	1	f
e063cf68-5c02-4228-aa3c-077af334ccc1	Put documents in OneDrive for students	Upload and organize documents in OneDrive for student access	\N	2026-02-04 17:00:00+00	2026-02-04 17:30:00+00	f	confirmed	\N	none	\N	\N	1	\N	f	2026-02-03 20:51:25.220473+00	2026-02-04 12:34:41.515453+00	d9c03d2c-b2c8-493b-bbd2-b8339a5fe536	1	t
beb88c82-e7d8-4323-91a9-904775b32130	Email Rahul	\N	\N	2026-02-04 13:00:00+00	2026-02-04 13:20:00+00	f	confirmed	\N	none	\N	\N	1	\N	f	2026-02-04 12:06:09.989437+00	2026-02-04 19:02:52.963507+00	8830ad0e-2c0e-4b4b-a955-80f5a748126d	1	t
1066e395-6f46-400f-a062-5e4a35fb3fba	Help Faron lay wood	Help Faron with wood laying task (Updated with more reminders)	\N	2026-02-04 21:00:00+00	2026-02-04 23:00:00+00	f	confirmed	\N	none	\N	\N	1	\N	f	2026-02-02 11:32:18.756728+00	2026-02-04 19:03:05.966017+00	d9c03d2c-b2c8-493b-bbd2-b8339a5fe536	1	t
3bfb6539-db15-4909-8330-18219786be92	Meeting with Brittany	\N	\N	2026-02-06 20:00:00+00	2026-02-06 20:30:00+00	f	confirmed	\N	none	\N	\N	1	\N	f	2026-02-04 11:40:57.658354+00	2026-02-08 12:03:07.665626+00	8830ad0e-2c0e-4b4b-a955-80f5a748126d	1	t
d00f4eff-be80-4b0c-a4fb-6962b82471ff	Go to gym	Workout at the gym	\N	2026-02-06 18:40:00+00	2026-02-06 19:40:00+00	f	confirmed	\N	none	\N	\N	1	\N	f	2026-02-06 17:21:30.411122+00	2026-02-06 17:21:30.411127+00	d9c03d2c-b2c8-493b-bbd2-b8339a5fe536	1	f
23aa6ad3-b73d-4b3c-a200-909ff041bb8b	Email Moriah about computer	Send email to Moriah regarding computer	\N	2026-02-06 20:00:00+00	2026-02-06 20:20:00+00	f	confirmed	\N	none	\N	\N	1	\N	f	2026-02-06 17:21:44.129832+00	2026-02-06 17:21:44.129838+00	d9c03d2c-b2c8-493b-bbd2-b8339a5fe536	1	f
5887f088-275f-405f-aba1-0a8cdc789287	Email Moriah about profile picture	Send email to Moriah regarding profile picture	\N	2026-02-06 21:00:00+00	2026-02-06 21:20:00+00	f	confirmed	\N	none	\N	\N	1	\N	f	2026-02-06 17:21:57.237639+00	2026-02-06 17:21:57.237647+00	d9c03d2c-b2c8-493b-bbd2-b8339a5fe536	1	f
6cd1ef5e-9a8f-42f9-bb98-fefa6520b6b3	Sami mm meeting	\N	\N	2026-02-06 14:00:00+00	2026-02-06 15:00:00+00	f	confirmed	\N	none	\N	\N	1	\N	f	2026-02-06 17:28:14.151052+00	2026-02-06 17:28:18.773195+00	8830ad0e-2c0e-4b4b-a955-80f5a748126d	1	t
1dc8ad3d-9f90-4fd4-ac57-4cbe7299e869	Email students	Reminder to email students	\N	2026-02-06 17:30:00+00	2026-02-06 18:00:00+00	f	confirmed	\N	none	\N	\N	1	\N	f	2026-02-06 17:21:04.271915+00	2026-02-06 17:40:44.899734+00	d9c03d2c-b2c8-493b-bbd2-b8339a5fe536	1	t
7e35e841-1ea3-4cee-949e-c142e6854627	Cook	\N	\N	2026-02-06 18:00:00+00	2026-02-06 19:00:00+00	f	confirmed	\N	none	\N	\N	1	\N	f	2026-02-06 17:41:48.25312+00	2026-02-08 12:02:59.653271+00	d9c03d2c-b2c8-493b-bbd2-b8339a5fe536	1	t
9018f080-9318-4441-adde-adb6676886fc	Meet with Ashok	Meeting with Ashok	\N	2026-02-06 20:30:00+00	2026-02-06 21:00:00+00	f	confirmed	\N	none	\N	\N	1	\N	f	2026-02-06 17:21:17.139762+00	2026-02-08 12:03:10.348906+00	d9c03d2c-b2c8-493b-bbd2-b8339a5fe536	1	t
4ec0a94b-72f9-4e89-bb13-6d890d26e54d	Sign up for LA fitness	Sign up for LA fitness	\N	2026-02-08 13:00:00+00	2026-02-08 13:30:00+00	f	confirmed	\N	none	\N	\N	1	\N	f	2026-02-08 12:03:17.879047+00	2026-02-08 12:03:17.879053+00	d9c03d2c-b2c8-493b-bbd2-b8339a5fe536	1	f
1d5a3e88-8a2c-4b86-9421-03ed5233ae93	Bespoke paysheet	\N	\N	2026-02-06 22:00:00+00	2026-02-08 22:20:00+00	f	confirmed	\N	none	\N	\N	1	\N	f	2026-02-06 17:41:18.583302+00	2026-02-08 12:03:45.627317+00	d9c03d2c-b2c8-493b-bbd2-b8339a5fe536	1	f
2a5d9cce-0558-4ee4-bc94-843cdd290cc8	Read Bible	Read Bible	\N	2026-02-08 23:00:00+00	2026-02-09 00:00:00+00	f	confirmed	\N	none	\N	\N	1	\N	f	2026-02-08 12:03:46.061142+00	2026-02-08 12:03:46.061149+00	d9c03d2c-b2c8-493b-bbd2-b8339a5fe536	1	f
be1014ea-9827-4efd-b4e4-4c866eb1a519	Read economics book	Read economics book	\N	2026-02-09 00:00:00+00	2026-02-09 01:00:00+00	f	confirmed	\N	none	\N	\N	1	\N	f	2026-02-08 12:03:53.322939+00	2026-02-08 12:03:53.322947+00	d9c03d2c-b2c8-493b-bbd2-b8339a5fe536	1	f
e785d511-6fd7-4f55-8ba2-efca216cd9e7	Fix sign up sheet	Fix sign up sheet	\N	2026-02-08 13:30:00+00	2026-02-08 14:00:00+00	f	confirmed	\N	none	\N	\N	1	\N	f	2026-02-08 12:03:24.566321+00	2026-02-08 12:10:59.405044+00	d9c03d2c-b2c8-493b-bbd2-b8339a5fe536	1	t
dbb4e4b7-78fc-476a-9922-ce8bbc0becef	Bball film	\N	\N	2026-02-08 19:00:00+00	2026-02-08 20:00:00+00	f	confirmed	\N	none	\N	\N	1	\N	f	2026-02-08 12:12:58.217871+00	2026-02-08 12:12:58.217879+00	8830ad0e-2c0e-4b4b-a955-80f5a748126d	1	f
31268601-6ca9-4a05-834a-56447a06cf3b	Study for algebra 3.11 and 3.12	\N	\N	2026-02-08 14:00:00+00	2026-02-08 15:00:00+00	f	confirmed	\N	none	\N	\N	1	\N	f	2026-02-08 12:16:36.052809+00	2026-02-08 12:16:36.052817+00	8830ad0e-2c0e-4b4b-a955-80f5a748126d	1	f
579e6766-5e40-477f-8131-b1b576ac08a9	Do PPPP report	Complete PPPP report by 2 PM EST	\N	2026-02-09 18:00:00+00	2026-02-09 19:00:00+00	f	confirmed	\N	none	\N	\N	1	\N	f	2026-02-09 17:44:29.665632+00	2026-02-10 01:43:34.643827+00	d9c03d2c-b2c8-493b-bbd2-b8339a5fe536	1	t
28e38eea-ff75-47bf-9847-17ccb1d5c433	Take call OneUSG	Take call with OneUSG by 2:30 PM EST	\N	2026-02-09 19:30:00+00	2026-02-09 20:00:00+00	f	confirmed	\N	none	\N	\N	1	\N	f	2026-02-09 17:44:45.653472+00	2026-02-10 01:43:37.57956+00	d9c03d2c-b2c8-493b-bbd2-b8339a5fe536	1	t
c8c0ba44-7c96-412a-b836-3e3120db84a7	Do Upwork stuff	Do Upwork stuff	\N	2026-02-08 15:00:00+00	2026-02-08 16:00:00+00	f	confirmed	\N	none	\N	\N	1	\N	f	2026-02-08 12:03:31.823913+00	2026-02-09 17:40:10.201767+00	d9c03d2c-b2c8-493b-bbd2-b8339a5fe536	1	t
8ce4fdbc-354f-4889-ba7a-55fa6b6579b9	Study for algebra 3.11 and 3.12	Study for algebra 3.11 and 3.12	\N	2026-02-09 14:00:00+00	2026-02-09 15:00:00+00	f	confirmed	\N	none	\N	\N	1	\N	f	2026-02-09 17:43:35.293301+00	2026-02-10 01:43:54.078652+00	d9c03d2c-b2c8-493b-bbd2-b8339a5fe536	1	t
0c618973-d23d-495d-9c65-c3eb5955fe7a	Send prospective employees documents	\N	\N	2026-02-08 20:00:00+00	2026-02-08 20:15:00+00	f	confirmed	\N	none	\N	\N	1	\N	f	2026-02-08 12:12:30.666892+00	2026-02-09 17:40:18.492293+00	8830ad0e-2c0e-4b4b-a955-80f5a748126d	1	t
38ee8808-bfb5-4196-a2d3-36d80b51b834	Church	Church	\N	2026-02-08 22:00:00+00	2026-02-08 23:00:00+00	f	confirmed	\N	none	\N	\N	1	\N	f	2026-02-08 12:03:38.796166+00	2026-02-09 17:40:22.050671+00	d9c03d2c-b2c8-493b-bbd2-b8339a5fe536	1	t
da20d9c9-3ccb-4fc4-a47e-4dc621c1a83a	Give Rohan access to Google sheets	Give Rohan access to Google sheets	\N	2026-02-08 12:00:00+00	2026-02-08 12:30:00+00	f	confirmed	\N	none	\N	\N	1	\N	f	2026-02-08 12:03:11.18807+00	2026-02-09 17:40:29.204911+00	d9c03d2c-b2c8-493b-bbd2-b8339a5fe536	1	t
d58fadb9-9053-4160-860b-ced4a2d0e538	Sign up for LA fitness	Sign up for LA fitness	\N	2026-02-09 13:00:00+00	2026-02-09 13:30:00+00	f	confirmed	\N	none	\N	\N	1	\N	f	2026-02-09 17:43:19.884263+00	2026-02-09 17:43:19.884269+00	d9c03d2c-b2c8-493b-bbd2-b8339a5fe536	1	f
76855ea6-1fa5-4967-b55b-86045fbc950a	Bball film	Basketball film review	\N	2026-02-09 19:00:00+00	2026-02-09 20:00:00+00	f	confirmed	\N	none	\N	\N	1	\N	f	2026-02-09 17:43:48.819603+00	2026-02-09 17:43:48.819609+00	d9c03d2c-b2c8-493b-bbd2-b8339a5fe536	1	f
8920be50-e098-453b-aeb5-c396625331b1	Read Bible	Read Bible	\N	2026-02-09 23:00:00+00	2026-02-10 00:00:00+00	f	confirmed	\N	none	\N	\N	1	\N	f	2026-02-09 17:44:02.016607+00	2026-02-09 17:44:02.016615+00	d9c03d2c-b2c8-493b-bbd2-b8339a5fe536	1	f
250c8a50-cf18-4e86-9b8f-5cada38ad4f1	Read economics book	Read economics book	\N	2026-02-10 00:00:00+00	2026-02-10 01:00:00+00	f	confirmed	\N	none	\N	\N	1	\N	f	2026-02-09 17:44:14.787717+00	2026-02-09 17:44:14.787724+00	d9c03d2c-b2c8-493b-bbd2-b8339a5fe536	1	f
0df26d6c-7069-4b32-b818-46eba1004c62	Make project management template on Excel	Create project management template using Excel at 4 PM EST	\N	2026-02-09 21:00:00+00	2026-02-09 22:00:00+00	f	confirmed	\N	none	\N	\N	1	\N	f	2026-02-09 17:45:01.012645+00	2026-02-09 17:45:01.012654+00	d9c03d2c-b2c8-493b-bbd2-b8339a5fe536	1	f
3762552f-9825-4ee9-873a-8e58bd5c86d8	Meeting with Rohan	Meeting with Rohan scheduled for 9:30 AM EST	\N	2026-02-10 14:30:00+00	2026-02-10 15:30:00+00	f	confirmed	\N	none	\N	\N	1	\N	f	2026-02-10 09:21:31.803074+00	2026-02-10 16:04:40.625304+00	d9c03d2c-b2c8-493b-bbd2-b8339a5fe536	1	t
b135b014-c839-41c8-9631-a231bed4cb76	TMKS Meeting	TMKS meeting scheduled for 11:00 AM EST	\N	2026-02-10 16:00:00+00	2026-02-10 17:00:00+00	f	confirmed	\N	none	\N	\N	1	\N	f	2026-02-10 09:21:47.090785+00	2026-02-10 16:04:44.277062+00	d9c03d2c-b2c8-493b-bbd2-b8339a5fe536	1	t
fa630067-5a12-4e10-887c-4aba75d43740	Meeting with Peiye	Meeting with Peiye scheduled for 2:00 PM EST	\N	2026-02-10 19:00:00+00	2026-02-10 20:00:00+00	f	confirmed	\N	none	\N	\N	1	\N	f	2026-02-10 09:22:19.0092+00	2026-02-10 22:04:02.496737+00	d9c03d2c-b2c8-493b-bbd2-b8339a5fe536	1	t
8a8310c9-eb3e-4850-8878-e8e28f7ce760	Ask Ashok about questions for Rohan	Ask Ashok about questions for Rohan	\N	2026-02-10 18:30:00+00	2026-02-10 19:00:00+00	f	confirmed	\N	none	\N	\N	1	\N	f	2026-02-10 16:18:26.375005+00	2026-02-10 22:04:06.913394+00	d9c03d2c-b2c8-493b-bbd2-b8339a5fe536	1	t
423f528d-44f5-4abf-a620-eb4ebecc4f04	Get Food	Remember to get food at 1:00 PM EST	\N	2026-02-10 18:00:00+00	2026-02-10 18:30:00+00	f	confirmed	\N	none	\N	\N	1	\N	f	2026-02-10 09:22:02.72132+00	2026-02-10 22:04:10.412548+00	d9c03d2c-b2c8-493b-bbd2-b8339a5fe536	1	t
4c19669e-2246-4dbd-ad40-0d41d7cdeccb	Orientation	\N	\N	2026-02-11 13:00:00+00	2026-02-11 20:00:00+00	f	confirmed	\N	none	\N	\N	1	\N	f	2026-02-11 12:24:40.823372+00	2026-02-12 12:20:02.814767+00	8830ad0e-2c0e-4b4b-a955-80f5a748126d	1	t
862e3d4c-144f-4d2d-877b-4d48e638bbe3	Email IT department	\N	\N	2026-02-11 14:00:00+00	2026-02-11 15:00:00+00	f	confirmed	\N	none	\N	\N	1	\N	f	2026-02-11 12:25:05.375508+00	2026-02-12 12:20:04.901237+00	8830ad0e-2c0e-4b4b-a955-80f5a748126d	1	t
3eaf340f-4e52-4dea-b2bd-37aa8037e33f	Email Ashok about access to edforum	\N	\N	2026-02-11 14:00:00+00	2026-02-11 15:00:00+00	f	confirmed	\N	none	\N	\N	1	\N	f	2026-02-11 12:25:30.66921+00	2026-02-12 12:20:09.345721+00	8830ad0e-2c0e-4b4b-a955-80f5a748126d	1	t
a9db8cdc-9115-4377-a962-c1403fbf3cb3	Email Brittany about academic advisement packages	\N	\N	2026-02-12 18:00:00+00	2026-02-12 18:15:00+00	f	confirmed	\N	none	\N	\N	1	\N	f	2026-02-12 12:21:09.896146+00	2026-02-12 12:21:09.896153+00	8830ad0e-2c0e-4b4b-a955-80f5a748126d	1	f
57d4de81-81d9-4c80-835a-cb00c1460168	Email futhum about summer programs	\N	\N	2026-02-12 19:00:00+00	2026-02-12 20:00:00+00	f	confirmed	\N	none	\N	\N	1	\N	f	2026-02-12 12:21:51.398629+00	2026-02-12 12:21:51.398638+00	d9c03d2c-b2c8-493b-bbd2-b8339a5fe536	1	f
de32c05c-eb7c-4bdd-9d4c-4eca07576607	Email students about their roles and jobs	\N	\N	2026-02-12 17:00:00+00	2026-02-12 18:00:00+00	f	confirmed	\N	none	\N	\N	1	\N	f	2026-02-12 12:27:05.464623+00	2026-02-12 12:27:05.46463+00	8830ad0e-2c0e-4b4b-a955-80f5a748126d	1	f
a1aacea9-c482-407e-920e-9b545e47bba6	Fix student project sheets and explanation of it	\N	\N	2026-02-12 14:00:00+00	2026-02-12 15:00:00+00	f	confirmed	\N	none	\N	\N	1	\N	f	2026-02-12 12:52:54.089417+00	2026-02-12 12:52:54.089423+00	8830ad0e-2c0e-4b4b-a955-80f5a748126d	1	f
7dac9fad-2704-4b1f-839d-b86dd3cedbed	Meeting with Rohan	Presentation	\N	2026-02-12 14:00:00+00	2026-02-12 15:00:00+00	f	confirmed	\N	none	\N	\N	1	\N	f	2026-02-12 12:23:15.207251+00	2026-02-12 20:54:59.309128+00	8830ad0e-2c0e-4b4b-a955-80f5a748126d	1	t
88008577-8e7a-4245-bcfb-5b70f20fdc5f	A4L meeting	\N	\N	2026-02-12 15:00:00+00	2026-02-12 16:00:00+00	f	confirmed	\N	none	\N	\N	1	\N	f	2026-02-12 12:25:27.57544+00	2026-02-12 20:55:06.165139+00	8830ad0e-2c0e-4b4b-a955-80f5a748126d	1	t
a4df0c2c-1319-41ab-8cca-b0b2fdbf617b	Fix student project sheets and explanation of it	Moved from yesterday	\N	2026-02-13 14:00:00+00	2026-02-13 15:00:00+00	f	confirmed	\N	none	\N	\N	1	\N	f	2026-02-13 13:45:38.715393+00	2026-02-13 13:45:38.7154+00	8830ad0e-2c0e-4b4b-a955-80f5a748126d	1	f
d9126f14-5d21-4402-91ca-6065f72e881b	Email students about their roles and jobs	Moved from yesterday	\N	2026-02-13 17:00:00+00	2026-02-13 18:00:00+00	f	confirmed	\N	none	\N	\N	1	\N	f	2026-02-13 13:45:54.860588+00	2026-02-13 13:45:54.860594+00	8830ad0e-2c0e-4b4b-a955-80f5a748126d	1	f
a03ca424-d24c-425c-9941-4fedfa57dab1	Email Brittany about academic advisement packages	Moved from yesterday	\N	2026-02-13 18:00:00+00	2026-02-13 18:15:00+00	f	confirmed	\N	none	\N	\N	1	\N	f	2026-02-13 13:46:10.428817+00	2026-02-13 13:46:10.428823+00	8830ad0e-2c0e-4b4b-a955-80f5a748126d	1	f
9ecbb5de-5de6-4a47-bcb3-97aca7db0ccb	Email futhum about summer programs	Moved from yesterday	\N	2026-02-13 19:00:00+00	2026-02-13 20:00:00+00	f	confirmed	\N	none	\N	\N	1	\N	f	2026-02-13 13:46:28.225682+00	2026-02-13 13:46:28.225687+00	d9c03d2c-b2c8-493b-bbd2-b8339a5fe536	1	f
b7a30263-81be-4be0-8f09-a1f11d60cc86	Fix Sami backend		\N	2026-02-13 16:00:00+00	2026-02-13 17:00:00+00	f	confirmed	\N	none	\N	\N	1	\N	f	2026-02-13 22:18:39.780577+00	2026-02-13 22:18:39.780583+00	8830ad0e-2c0e-4b4b-a955-80f5a748126d	1	f
a56b0a1f-be2b-4e2c-aca8-7319813eab3e	Fix Sami frontend	Fix Sami frontend task	\N	2026-02-13 16:00:00+00	2026-02-13 17:00:00+00	f	confirmed	\N	none	\N	\N	1	\N	f	2026-02-13 22:23:02.188821+00	2026-02-13 22:23:02.188829+00	d9c03d2c-b2c8-493b-bbd2-b8339a5fe536	1	f
8a2df5a4-c7ee-4b15-bd9f-d1aa879088eb	Visit Jeydan	Visit Jeydan	\N	2026-02-14 12:00:00+00	2026-02-14 13:00:00+00	f	confirmed	\N	none	\N	\N	1	\N	f	2026-02-13 22:23:10.614967+00	2026-02-13 22:23:10.614974+00	d9c03d2c-b2c8-493b-bbd2-b8339a5fe536	1	f
6272d0d6-982d-4436-9078-42d8a4b99b48	Email students about excel sheet	Send email to students regarding excel sheet	\N	2026-02-13 10:00:00+00	2026-02-13 10:30:00+00	f	confirmed	\N	none	\N	\N	1	\N	f	2026-02-13 22:23:19.746387+00	2026-02-13 22:23:19.746395+00	d9c03d2c-b2c8-493b-bbd2-b8339a5fe536	1	f
5868f31f-6958-4fb0-bd29-536e013f6758	Email students about group meeting	Send email to students regarding group meeting	\N	2026-02-14 11:00:00+00	2026-02-14 11:30:00+00	f	confirmed	\N	none	\N	\N	1	\N	f	2026-02-13 22:23:28.419443+00	2026-02-13 22:23:28.419452+00	d9c03d2c-b2c8-493b-bbd2-b8339a5fe536	1	f
a1468d23-635a-4097-8d53-d694aad05550	Make general caliper plan with Rishitha	Create general caliper plan with Rishitha	\N	2026-02-16 10:00:00+00	2026-02-16 11:00:00+00	f	confirmed	\N	none	\N	\N	1	\N	f	2026-02-13 22:23:48.129046+00	2026-02-13 22:23:48.129052+00	d9c03d2c-b2c8-493b-bbd2-b8339a5fe536	1	f
9271d538-7f4e-4d7c-9d86-dab8f7f4964a	Make Sami road map	Create roadmap for Sami project	\N	2026-02-16 12:00:00+00	2026-02-16 13:00:00+00	f	confirmed	\N	none	\N	\N	1	\N	f	2026-02-13 22:23:38.026438+00	2026-02-16 06:37:33.916011+00	d9c03d2c-b2c8-493b-bbd2-b8339a5fe536	1	f
d2bc8766-4cb1-4afa-b7bf-aa042e89114d	TMK	\N	\N	2026-02-19 17:30:00+00	2026-02-19 18:00:00+00	f	confirmed	\N	none	\N	\N	1	\N	f	2026-02-19 17:31:36.710478+00	2026-02-19 17:31:36.710487+00	8830ad0e-2c0e-4b4b-a955-80f5a748126d	1	f
01f98c5a-a07d-4f04-b8f1-d5100e297073	Meeting with Vidushi	Meeting with Vidushi	\N	2026-02-16 15:30:00+00	2026-02-16 16:30:00+00	f	confirmed	\N	none	\N	\N	1	\N	f	2026-02-16 07:12:28.187605+00	2026-02-16 20:04:14.917193+00	d9c03d2c-b2c8-493b-bbd2-b8339a5fe536	1	t
38eec016-d88f-431e-be0b-15f40b9be93e	Aggregate data source for Rishitha	\N	\N	2026-02-19 18:00:00+00	2026-02-19 19:00:00+00	f	confirmed	\N	none	\N	\N	1	\N	f	2026-02-19 14:39:16.932056+00	2026-02-19 22:32:29.127816+00	8830ad0e-2c0e-4b4b-a955-80f5a748126d	1	t
ca5f9443-5ad8-43d5-91ce-622780cf5433	Email students about group meeting	Send email to students regarding upcoming group meeting	\N	2026-02-16 10:00:00+00	2026-02-16 10:30:00+00	f	confirmed	\N	none	\N	\N	1	\N	f	2026-02-15 10:22:53.209192+00	2026-02-17 11:59:49.543512+00	d9c03d2c-b2c8-493b-bbd2-b8339a5fe536	1	t
c37f76bb-1557-4c52-8b7c-555a21524da6	Meeting with Darby	Meeting with Darby	\N	2026-02-16 21:30:00+00	2026-02-16 22:30:00+00	f	confirmed	\N	none	\N	\N	1	\N	f	2026-02-16 07:12:35.950094+00	2026-02-17 11:59:53.637742+00	d9c03d2c-b2c8-493b-bbd2-b8339a5fe536	1	t
e32582eb-5210-46b8-8e70-7d8b8e0c8fad	Take Gabby to doctor	Doctor appointment with Gabby	\N	2026-02-17 14:45:00+00	2026-02-17 15:30:00+00	f	confirmed	\N	none	\N	\N	1	\N	f	2026-02-17 12:43:52.678935+00	2026-02-18 14:15:01.710078+00	d9c03d2c-b2c8-493b-bbd2-b8339a5fe536	1	t
1f4fc333-95ef-450d-a79d-60d3196d308a	TMKS Meeting	TMKS team meeting	\N	2026-02-17 16:00:00+00	2026-02-17 17:00:00+00	f	confirmed	\N	none	\N	\N	1	\N	f	2026-02-17 12:44:30.222711+00	2026-02-18 14:15:11.817199+00	d9c03d2c-b2c8-493b-bbd2-b8339a5fe536	1	t
e40db307-919c-412f-9297-af3362e49004	Group Meeting	Team group meeting	\N	2026-02-17 17:00:00+00	2026-02-17 18:00:00+00	f	confirmed	\N	none	\N	\N	1	\N	f	2026-02-17 12:44:48.194066+00	2026-02-18 14:15:36.309056+00	d9c03d2c-b2c8-493b-bbd2-b8339a5fe536	1	t
97730035-cb07-4196-98d7-37f01ad7278d	Get up 200 shots	\N	\N	2026-02-18 18:30:00+00	2026-02-18 19:30:00+00	f	confirmed	\N	none	\N	\N	1	\N	f	2026-02-18 14:18:45.369994+00	2026-02-18 14:18:45.370001+00	8830ad0e-2c0e-4b4b-a955-80f5a748126d	1	f
d8677512-9f24-4c59-ad92-e3dd35b7800d	Get data for rishitha and darby	\N	\N	2026-02-18 21:00:00+00	2026-02-18 22:00:00+00	f	confirmed	\N	none	\N	\N	1	\N	f	2026-02-18 14:21:45.201983+00	2026-02-18 14:21:45.201993+00	8830ad0e-2c0e-4b4b-a955-80f5a748126d	1	f
0b6f64de-c2ce-4f2d-8d2e-4d4e7d5a29a2	Make the qualtrics SAMI assignment questions	\N	\N	2026-02-18 15:00:00+00	2026-02-18 15:30:00+00	f	confirmed	\N	none	\N	\N	1	\N	f	2026-02-18 14:16:28.363304+00	2026-02-18 15:37:26.842143+00	8830ad0e-2c0e-4b4b-a955-80f5a748126d	1	t
e94cbddc-16f8-4f4e-ac78-9147549bb788	Get Gabby gas x miralax	\N	\N	2026-02-18 15:30:00+00	2026-02-18 16:00:00+00	f	confirmed	\N	none	\N	\N	1	\N	f	2026-02-18 14:20:14.270684+00	2026-02-18 19:06:34.615635+00	d9c03d2c-b2c8-493b-bbd2-b8339a5fe536	1	t
22edc89a-3546-41d1-94cf-5f5a0ce42859	Post form about SAMI	\N	\N	2026-02-19 15:00:00+00	2026-02-19 16:00:00+00	f	confirmed	\N	none	\N	\N	1	\N	f	2026-02-19 14:37:04.714676+00	2026-02-19 22:32:38.811148+00	8830ad0e-2c0e-4b4b-a955-80f5a748126d	1	t
afe830cb-74cd-4683-bc4e-9ce1701f25e5	Research scientists meeting	\N	\N	2026-02-18 18:00:00+00	2026-02-18 19:00:00+00	f	confirmed	\N	none	\N	\N	1	\N	f	2026-02-18 15:38:22.525831+00	2026-02-19 11:22:06.658554+00	8830ad0e-2c0e-4b4b-a955-80f5a748126d	1	t
92c567f2-618e-4146-8abf-44a769ed24b8	Finish paper editing for Darby	\N	\N	2026-02-23 14:00:00+00	2026-02-23 15:00:00+00	f	confirmed	\N	none	\N	\N	1	\N	f	2026-02-23 12:41:47.805451+00	2026-02-23 12:41:47.805457+00	8830ad0e-2c0e-4b4b-a955-80f5a748126d	1	f
88a864fa-a52f-4f9b-8a97-162c1cf586b4	Sign in for bespoke	\N	\N	2026-02-23 19:00:00+00	2026-02-23 19:15:00+00	f	confirmed	\N	none	\N	\N	1	\N	f	2026-02-23 12:45:14.361563+00	2026-02-23 12:45:14.361571+00	8830ad0e-2c0e-4b4b-a955-80f5a748126d	1	f
e6f5bac6-2c1f-481c-b478-54d463756f98	Fix github	\N	\N	2026-02-23 18:00:00+00	2026-02-23 19:00:00+00	f	confirmed	\N	none	\N	\N	1	\N	f	2026-02-23 12:44:33.539581+00	2026-02-23 12:45:40.341525+00	8830ad0e-2c0e-4b4b-a955-80f5a748126d	1	f
da470796-70ac-4452-bbc3-3cda827c8e11	SAMI roadmap	\N	\N	2026-02-23 12:00:00+00	2026-02-23 14:00:00+00	f	confirmed	\N	none	\N	\N	1	\N	f	2026-02-23 12:41:27.802501+00	2026-02-25 11:32:48.104683+00	8830ad0e-2c0e-4b4b-a955-80f5a748126d	1	t
079d222f-bc23-470f-a17b-86f24bbf5196	Find data sources for Darby	\N	\N	2026-02-23 14:00:00+00	2026-02-23 15:00:00+00	f	confirmed	\N	none	\N	\N	1	\N	f	2026-02-23 12:43:44.4136+00	2026-02-25 11:32:54.863497+00	8830ad0e-2c0e-4b4b-a955-80f5a748126d	1	t
bc91e32a-584a-4470-909a-92b6b813aa05	Solve deployment once and for all	\N	\N	2026-02-25 14:00:00+00	2026-02-25 15:00:00+00	f	confirmed	\N	none	\N	\N	1	\N	f	2026-02-25 11:34:39.060618+00	2026-02-25 11:34:39.060624+00	8830ad0e-2c0e-4b4b-a955-80f5a748126d	1	f
e56b16f4-be0b-4bfa-b425-c695d91d19c5	Set meeting with Eyoha	\N	\N	2026-02-25 13:00:00+00	2026-02-25 15:00:00+00	f	confirmed	\N	none	\N	\N	1	\N	f	2026-02-25 11:36:12.750919+00	2026-02-25 11:36:12.750925+00	8830ad0e-2c0e-4b4b-a955-80f5a748126d	1	f
72d38de4-dff6-43b8-b95d-5b372c5edbee	Extreme Workout	\N	\N	2026-02-25 13:00:00+00	2026-02-25 14:00:00+00	f	confirmed	\N	none	\N	\N	1	\N	f	2026-02-25 11:36:46.881695+00	2026-02-25 11:36:46.881702+00	8830ad0e-2c0e-4b4b-a955-80f5a748126d	1	f
cb3fff79-c95d-4b98-82d3-8ea1c180e2b3	Prepare to tutor Kartik	\N	\N	2026-02-25 22:00:00+00	2026-02-25 23:00:00+00	f	confirmed	\N	none	\N	\N	1	\N	f	2026-02-25 11:40:16.167563+00	2026-02-25 11:40:16.167573+00	8830ad0e-2c0e-4b4b-a955-80f5a748126d	1	f
1cc5341d-cf1c-4693-8001-1ccf271fae31	Build prototype API layer	\N	\N	2026-02-25 20:00:00+00	2026-02-25 21:00:00+00	f	tentative	\N	none	\N	\N	1	\N	f	2026-02-25 11:59:24.207771+00	2026-02-25 11:59:24.207779+00	8830ad0e-2c0e-4b4b-a955-80f5a748126d	1	f
968b80c0-9798-46ad-ac25-47ec9204b795	Meet with Jeanette	\N	\N	2026-02-25 19:00:00+00	2026-02-25 20:00:00+00	f	confirmed	\N	none	\N	\N	1	\N	f	2026-02-25 11:33:45.363728+00	2026-02-26 17:08:15.127928+00	8830ad0e-2c0e-4b4b-a955-80f5a748126d	1	t
4b4dcc1a-d1d9-4583-b46c-1cb8b13da59b	Email Rishitha, Darby, peiye	\N	\N	2026-02-25 21:00:00+00	2026-02-25 21:30:00+00	f	confirmed	\N	none	\N	\N	1	\N	f	2026-02-25 11:41:41.595022+00	2026-02-26 17:08:19.484764+00	8830ad0e-2c0e-4b4b-a955-80f5a748126d	1	t
211cb7b6-00a6-4ac8-8760-61a1fbcc4e70	Read bible	\N	\N	2026-02-25 23:00:00+00	2026-02-25 23:30:00+00	f	confirmed	\N	none	\N	\N	1	\N	f	2026-02-25 11:42:44.50707+00	2026-02-26 17:08:23.424212+00	d9c03d2c-b2c8-493b-bbd2-b8339a5fe536	1	t
8ae508f1-132a-49c7-b1ec-3dae0b8c42c8	Pay expense account	\N	\N	2026-02-27 17:00:00+00	2026-02-27 17:15:00+00	f	confirmed	\N	none	\N	\N	1	\N	f	2026-02-27 11:38:02.382634+00	2026-02-27 11:38:02.382644+00	d9c03d2c-b2c8-493b-bbd2-b8339a5fe536	1	f
89a00252-7205-4f06-b9cc-12bd70299002	Meeting with Christina and Hayden	\N	\N	2026-03-02 23:30:00+00	2026-03-03 00:30:00+00	f	confirmed	\N	none	\N	\N	1	\N	f	2026-03-02 13:57:26.167029+00	2026-03-02 13:57:26.167037+00	d9c03d2c-b2c8-493b-bbd2-b8339a5fe536	1	f
b6721151-428b-49e4-8243-8036d6ac19a6	Tutor Kartik			2026-03-04 23:30:00+00	2026-03-05 00:30:00+00	f	confirmed	\N	none	\N	\N	1	\N	f	2026-03-04 07:47:33.91114+00	2026-03-04 07:47:33.911149+00	d9c03d2c-b2c8-493b-bbd2-b8339a5fe536	1	f
448e8af7-bf04-4ee1-86a1-94aa4e703914	Meeting with Darby and Peiye			2026-03-03 14:30:00+00	2026-03-03 15:00:00+00	f	confirmed	\N	none	\N	\N	1	\N	f	2026-03-03 09:25:41.963375+00	2026-03-03 09:25:41.963381+00	8830ad0e-2c0e-4b4b-a955-80f5a748126d	1	f
8dfb867e-1f3f-4121-9f70-23062e013f6b	Prepare to tutor Kartik			2026-03-03 05:00:00+00	2026-03-04 05:00:00+00	t	confirmed	\N	none	\N	\N	1	\N	f	2026-03-03 09:26:57.506668+00	2026-03-03 09:26:57.506678+00	d9c03d2c-b2c8-493b-bbd2-b8339a5fe536	1	f
b4161c66-811e-437e-9efb-c63b58cd63c1	Email brittany to follow up about api			2026-03-03 05:00:00+00	2026-03-04 05:00:00+00	f	confirmed	\N	none	\N	\N	1	\N	f	2026-03-03 15:01:47.342092+00	2026-03-03 15:01:47.3421+00	8830ad0e-2c0e-4b4b-a955-80f5a748126d	1	f
9d2987d9-2dc3-4377-a5b8-6d6f1f8612c6	TMK meeting			2026-03-03 16:00:00+00	2026-03-03 16:30:00+00	f	confirmed	\N	none	\N	\N	1	\N	f	2026-03-03 09:26:07.375987+00	2026-03-03 16:30:16.931852+00	8830ad0e-2c0e-4b4b-a955-80f5a748126d	1	t
8e70567e-a21e-4876-ba53-3f0055c3ddea	Zia meeting	\N	\N	2026-03-03 02:00:00+00	2026-03-04 03:00:00+00	f	confirmed	\N	none	\N	\N	1	\N	f	2026-03-02 13:59:53.671896+00	2026-03-03 16:30:24.888363+00	d9c03d2c-b2c8-493b-bbd2-b8339a5fe536	1	t
0173e200-442e-4214-bae2-517ee3c97b29	Sign up for QuickBooks intuit	\N	\N	2026-03-04 23:00:00+00	2026-03-05 00:00:00+00	f	confirmed	\N	none	\N	\N	1	\N	f	2026-03-04 14:51:42.331933+00	2026-03-04 14:51:42.331942+00	d9c03d2c-b2c8-493b-bbd2-b8339a5fe536	1	f
a0b0b6cb-5e1d-4aaf-bc6a-a1af27d001db	Turn off sage maker	\N	\N	2026-03-08 13:00:00+00	2026-03-08 14:00:00+00	f	confirmed	\N	none	\N	\N	1	\N	f	2026-03-08 10:01:22.860217+00	2026-03-08 10:01:22.860226+00	8830ad0e-2c0e-4b4b-a955-80f5a748126d	1	f
33871109-25f6-49c1-b8c0-e4a122a017d2	Sign up for incubator	\N	\N	2026-03-08 13:00:00+00	2026-03-08 14:00:00+00	f	confirmed	\N	none	\N	\N	1	\N	f	2026-03-08 10:01:45.130044+00	2026-03-08 10:01:45.130052+00	d9c03d2c-b2c8-493b-bbd2-b8339a5fe536	1	f
f1ba4e46-983e-4694-bd37-b013e07d3681	Make nginx for services online	\N	\N	2026-03-08 13:00:00+00	2026-03-08 14:00:00+00	f	confirmed	\N	none	\N	\N	1	\N	f	2026-03-08 10:11:41.994435+00	2026-03-08 10:11:41.994441+00	8830ad0e-2c0e-4b4b-a955-80f5a748126d	1	f
fa8f6751-2ea7-4ff0-8cfe-bb915bdffd81	Make endpoints for sami api	\N	\N	2026-03-08 13:00:00+00	2026-03-08 14:00:00+00	f	confirmed	\N	none	\N	\N	1	\N	f	2026-03-08 10:11:58.918575+00	2026-03-08 10:11:58.918583+00	8830ad0e-2c0e-4b4b-a955-80f5a748126d	1	f
bec93ec0-cf36-4c2c-a610-d2815c2b2098	Lunch w fam	\N	\N	2026-03-08 14:30:00+00	2026-03-08 14:00:00+00	f	confirmed	\N	none	\N	\N	1	\N	f	2026-03-08 10:14:32.277257+00	2026-03-08 10:14:32.277264+00	d9c03d2c-b2c8-493b-bbd2-b8339a5fe536	1	f
7e56812f-8626-4c28-a0a6-33a303108208	Pull the Sami dashboard from GitHub	\N	\N	2026-03-09 13:00:00+00	2026-03-09 14:00:00+00	f	confirmed	\N	none	\N	\N	1	\N	f	2026-03-08 10:13:15.205976+00	2026-03-09 02:03:14.301365+00	8830ad0e-2c0e-4b4b-a955-80f5a748126d	1	f
20457713-b2a7-4843-9a95-213885e811ea	Train		\N	2026-03-09 10:30:00+00	2026-03-09 11:30:00+00	f	confirmed	\N	none	\N	\N	1	\N	f	2026-03-09 10:07:05.707087+00	2026-03-09 10:07:05.707095+00	d9c03d2c-b2c8-493b-bbd2-b8339a5fe536	1	f
af5ada3f-380d-4bdc-8bff-e0964c9c03e9	Learn How Pull Requests Work		\N	2026-03-09 12:00:00+00	2026-03-09 13:00:00+00	f	confirmed	\N	none	\N	\N	1	\N	f	2026-03-09 10:07:10.085918+00	2026-03-09 10:07:10.085928+00	d9c03d2c-b2c8-493b-bbd2-b8339a5fe536	1	f
559a530d-cbff-4d7b-b65f-9e48f62c51b1	Fix API Endpoint		\N	2026-03-09 13:00:00+00	2026-03-09 14:00:00+00	f	confirmed	\N	none	\N	\N	1	\N	f	2026-03-09 10:07:14.126701+00	2026-03-09 10:07:14.126709+00	d9c03d2c-b2c8-493b-bbd2-b8339a5fe536	1	f
5ffaf3e3-dde0-4b75-9158-b76977a8b563	Dinner w Gabby		\N	2026-03-09 22:00:00+00	2026-03-09 23:30:00+00	f	confirmed	\N	none	\N	\N	1	\N	f	2026-03-09 10:07:18.120419+00	2026-03-09 10:07:18.120424+00	d9c03d2c-b2c8-493b-bbd2-b8339a5fe536	1	f
90cd2296-dfb3-4d1a-82ea-fa336b3744e5	Learn How Pull Requests Work		\N	2026-03-09 12:00:00+00	2026-03-09 13:00:00+00	f	confirmed	\N	none	\N	\N	1	\N	f	2026-03-09 10:07:32.771857+00	2026-03-09 10:07:32.771863+00	d9c03d2c-b2c8-493b-bbd2-b8339a5fe536	1	f
d16c7ca2-129e-492d-9cac-072f186c12b0	Fix API Endpoint		\N	2026-03-09 13:00:00+00	2026-03-09 14:00:00+00	f	confirmed	\N	none	\N	\N	1	\N	f	2026-03-09 10:07:37.415578+00	2026-03-09 10:07:37.415586+00	d9c03d2c-b2c8-493b-bbd2-b8339a5fe536	1	f
732d8a83-1354-4487-9cea-49a25be7b4b4	Dinner w Gabby		\N	2026-03-09 22:00:00+00	2026-03-09 23:30:00+00	f	confirmed	\N	none	\N	\N	1	\N	f	2026-03-09 10:07:42.292744+00	2026-03-09 10:07:42.29275+00	d9c03d2c-b2c8-493b-bbd2-b8339a5fe536	1	f
49f809a8-9f9f-4474-b182-199c744d306e	find all data sources for api			2026-03-10 04:00:00+00	2026-03-11 04:00:00+00	f	confirmed	\N	none	\N	\N	1	\N	f	2026-03-10 13:51:17.699955+00	2026-03-10 13:51:17.699961+00	8830ad0e-2c0e-4b4b-a955-80f5a748126d	1	f
7f3cdfc7-df72-4ed9-8bbf-c9ffa32f1f66	Email Edtech			2026-03-10 18:00:00+00	2026-03-10 18:10:00+00	f	confirmed	\N	none	\N	\N	1	\N	f	2026-03-10 14:00:53.007973+00	2026-03-10 14:00:53.007982+00	8830ad0e-2c0e-4b4b-a955-80f5a748126d	1	f
\.


--
-- Data for Name: calendar_app_eventattendee; Type: TABLE DATA; Schema: public; Owner: -
--

COPY public.calendar_app_eventattendee (id, email, name, response, is_organizer, created_at, updated_at, event_id, user_id) FROM stdin;
\.


--
-- Data for Name: calendar_app_eventreminder; Type: TABLE DATA; Schema: public; Owner: -
--

COPY public.calendar_app_eventreminder (id, reminder_type, minutes_before, is_sent, created_at, event_id, user_id) FROM stdin;
1	popup	15	f	2026-01-27 10:29:15.325815+00	5508e763-a428-4038-a2a1-f01279db0918	1
2	popup	15	f	2026-01-27 10:29:23.645589+00	df9ddcf3-e791-44c6-b6d0-3a2b98a53a82	1
3	popup	15	f	2026-01-27 10:29:31.02513+00	ab127670-36e2-4950-9ad2-8c9cdef0dc3a	1
4	popup	15	f	2026-01-27 10:31:10.811393+00	61c39199-5a4b-4b6d-84bc-07ee1239e1ad	1
15	popup	15	f	2026-01-28 12:06:10.340289+00	7e7a9144-a45d-4076-bdd9-46ae43f0e6ca	1
16	popup	15	f	2026-01-28 12:06:19.933521+00	96e16b36-02dc-46ce-a5b6-b069a796d39c	1
17	popup	15	f	2026-01-28 12:06:30.199663+00	42673d43-516e-4ac4-a1b2-f55431623411	1
18	popup	15	f	2026-01-28 12:06:41.865097+00	30fc2e7b-c88d-4b1b-9117-110ab1c2e347	1
19	popup	15	f	2026-01-28 12:06:51.930911+00	3ef99e28-657a-423e-86d8-25d2121a2405	1
20	popup	15	f	2026-01-28 15:27:19.251302+00	e992374e-b2c7-4dbf-bdfd-7fb1b12d3db6	1
21	popup	30	f	2026-01-28 15:27:19.252763+00	e992374e-b2c7-4dbf-bdfd-7fb1b12d3db6	1
22	popup	15	f	2026-01-28 15:27:30.707253+00	586be246-2b78-486a-8db2-7d57e016f332	1
23	popup	15	f	2026-01-28 15:27:40.015562+00	f193554b-53d5-4c1f-9c89-6063f0ee8895	1
38	popup	5	f	2026-02-02 11:31:39.397658+00	bae09eba-2bc1-4977-b23e-44916e5284ab	1
39	popup	15	f	2026-02-02 11:31:39.398945+00	bae09eba-2bc1-4977-b23e-44916e5284ab	1
40	popup	30	f	2026-02-02 11:31:39.400031+00	bae09eba-2bc1-4977-b23e-44916e5284ab	1
41	popup	60	f	2026-02-02 11:31:39.401318+00	bae09eba-2bc1-4977-b23e-44916e5284ab	1
42	popup	5	f	2026-02-02 11:31:52.023154+00	998bee2c-7530-4eb7-96fe-0b7e9cd7a95d	1
43	popup	15	f	2026-02-02 11:31:52.024244+00	998bee2c-7530-4eb7-96fe-0b7e9cd7a95d	1
44	popup	30	f	2026-02-02 11:31:52.024968+00	998bee2c-7530-4eb7-96fe-0b7e9cd7a95d	1
45	popup	60	f	2026-02-02 11:31:52.025756+00	998bee2c-7530-4eb7-96fe-0b7e9cd7a95d	1
50	popup	5	f	2026-02-02 11:32:18.7588+00	1066e395-6f46-400f-a062-5e4a35fb3fba	1
51	popup	15	f	2026-02-02 11:32:18.760131+00	1066e395-6f46-400f-a062-5e4a35fb3fba	1
52	popup	30	f	2026-02-02 11:32:18.761167+00	1066e395-6f46-400f-a062-5e4a35fb3fba	1
53	popup	60	f	2026-02-02 11:32:18.762193+00	1066e395-6f46-400f-a062-5e4a35fb3fba	1
54	popup	5	f	2026-02-02 11:38:51.635831+00	b92608ae-373d-4496-b54a-ab0fa403ebce	1
55	popup	15	f	2026-02-02 11:38:51.637355+00	b92608ae-373d-4496-b54a-ab0fa403ebce	1
56	popup	30	f	2026-02-02 11:38:51.63835+00	b92608ae-373d-4496-b54a-ab0fa403ebce	1
57	popup	5	f	2026-02-02 11:39:12.701506+00	21f0e115-3b8e-4b18-b074-40e43da63c15	1
58	popup	15	f	2026-02-02 11:39:12.702601+00	21f0e115-3b8e-4b18-b074-40e43da63c15	1
59	popup	30	f	2026-02-02 11:39:12.703723+00	21f0e115-3b8e-4b18-b074-40e43da63c15	1
60	popup	5	f	2026-02-02 11:39:32.425919+00	3259a666-b158-4d25-aae6-5bf5461a6930	1
61	popup	15	f	2026-02-02 11:39:32.427079+00	3259a666-b158-4d25-aae6-5bf5461a6930	1
62	popup	30	f	2026-02-02 11:39:32.428183+00	3259a666-b158-4d25-aae6-5bf5461a6930	1
63	popup	5	f	2026-02-02 11:39:52.597523+00	d0501da6-2559-48ee-8cca-9eb76a5126b0	1
64	popup	15	f	2026-02-02 11:39:52.59862+00	d0501da6-2559-48ee-8cca-9eb76a5126b0	1
65	popup	30	f	2026-02-02 11:39:52.599726+00	d0501da6-2559-48ee-8cca-9eb76a5126b0	1
66	popup	5	f	2026-02-02 11:40:13.586402+00	b6da10b6-31f7-4156-966c-f29569fb1ec5	1
67	popup	15	f	2026-02-02 11:40:13.587732+00	b6da10b6-31f7-4156-966c-f29569fb1ec5	1
68	popup	30	f	2026-02-02 11:40:13.588822+00	b6da10b6-31f7-4156-966c-f29569fb1ec5	1
69	popup	5	f	2026-02-02 11:47:04.368505+00	bd0f2316-d091-4a64-8a36-39eb2729e99c	1
70	popup	15	f	2026-02-02 11:47:04.36986+00	bd0f2316-d091-4a64-8a36-39eb2729e99c	1
71	popup	30	f	2026-02-02 11:47:04.37094+00	bd0f2316-d091-4a64-8a36-39eb2729e99c	1
72	popup	60	f	2026-02-02 11:47:04.371663+00	bd0f2316-d091-4a64-8a36-39eb2729e99c	1
73	popup	5	f	2026-02-02 11:51:32.019408+00	e57f900c-a148-4d49-b87c-ca7c093f7e11	1
74	popup	15	f	2026-02-02 11:51:32.020694+00	e57f900c-a148-4d49-b87c-ca7c093f7e11	1
75	popup	30	f	2026-02-02 11:51:32.021798+00	e57f900c-a148-4d49-b87c-ca7c093f7e11	1
76	popup	60	f	2026-02-02 11:51:32.02291+00	e57f900c-a148-4d49-b87c-ca7c093f7e11	1
81	popup	5	f	2026-02-02 13:21:27.5152+00	b18e441d-0d6a-48c9-ab09-dc3f51cca55f	1
82	popup	15	f	2026-02-02 13:21:27.516536+00	b18e441d-0d6a-48c9-ab09-dc3f51cca55f	1
83	popup	15	f	2026-02-02 16:36:57.258499+00	164ceb6f-8675-41ac-99a9-7f2933109e0d	1
84	popup	15	f	2026-02-03 11:42:15.499082+00	766b17a7-51ab-455a-a97f-007647eb7bc1	1
85	popup	15	f	2026-02-03 11:57:58.985292+00	a67e90bc-e960-4737-bf4c-f49f6eda540a	1
86	popup	30	f	2026-02-03 11:57:58.986581+00	a67e90bc-e960-4737-bf4c-f49f6eda540a	1
87	popup	15	f	2026-02-03 11:58:11.791886+00	b7754e95-7500-4bb9-b495-7ed1cea772b8	1
88	popup	30	f	2026-02-03 11:58:11.79322+00	b7754e95-7500-4bb9-b495-7ed1cea772b8	1
89	popup	15	f	2026-02-03 12:27:51.777827+00	7912c324-b7aa-4a0b-9f0d-c6ecda2ba30d	1
90	popup	15	f	2026-02-03 20:51:16.664858+00	84e72a30-61f7-4711-87e7-be2b20192083	1
91	popup	15	f	2026-02-03 20:51:25.222338+00	e063cf68-5c02-4228-aa3c-077af334ccc1	1
92	popup	5	f	2026-02-04 01:47:13.479351+00	3ba12c8c-2c6b-4dee-9434-771c3b0b3b13	1
93	popup	15	f	2026-02-04 01:47:13.480449+00	3ba12c8c-2c6b-4dee-9434-771c3b0b3b13	1
94	popup	30	f	2026-02-04 01:47:13.48117+00	3ba12c8c-2c6b-4dee-9434-771c3b0b3b13	1
95	popup	60	f	2026-02-04 01:47:13.4819+00	3ba12c8c-2c6b-4dee-9434-771c3b0b3b13	1
96	popup	120	f	2026-02-04 01:47:13.482679+00	3ba12c8c-2c6b-4dee-9434-771c3b0b3b13	1
97	popup	5	f	2026-02-04 11:40:57.659875+00	3bfb6539-db15-4909-8330-18219786be92	1
98	popup	15	f	2026-02-04 11:40:57.661158+00	3bfb6539-db15-4909-8330-18219786be92	1
99	popup	30	f	2026-02-04 11:40:57.662255+00	3bfb6539-db15-4909-8330-18219786be92	1
100	popup	60	f	2026-02-04 11:40:57.663328+00	3bfb6539-db15-4909-8330-18219786be92	1
101	popup	120	f	2026-02-04 11:40:57.664405+00	3bfb6539-db15-4909-8330-18219786be92	1
102	popup	1440	f	2026-02-04 11:40:57.665489+00	3bfb6539-db15-4909-8330-18219786be92	1
103	popup	2880	f	2026-02-04 11:40:57.666558+00	3bfb6539-db15-4909-8330-18219786be92	1
104	popup	5	f	2026-02-04 11:41:39.180646+00	9b33551e-c9e2-4cab-aebd-a7dc1359f866	1
105	popup	15	f	2026-02-04 11:41:39.181989+00	9b33551e-c9e2-4cab-aebd-a7dc1359f866	1
106	popup	30	f	2026-02-04 11:41:39.183093+00	9b33551e-c9e2-4cab-aebd-a7dc1359f866	1
107	popup	60	f	2026-02-04 11:41:39.184212+00	9b33551e-c9e2-4cab-aebd-a7dc1359f866	1
108	popup	120	f	2026-02-04 11:41:39.185264+00	9b33551e-c9e2-4cab-aebd-a7dc1359f866	1
109	popup	1440	f	2026-02-04 11:41:39.186311+00	9b33551e-c9e2-4cab-aebd-a7dc1359f866	1
110	popup	2880	f	2026-02-04 11:41:39.187368+00	9b33551e-c9e2-4cab-aebd-a7dc1359f866	1
111	popup	5	f	2026-02-04 12:06:09.990843+00	beb88c82-e7d8-4323-91a9-904775b32130	1
112	popup	15	f	2026-02-04 12:06:09.992278+00	beb88c82-e7d8-4323-91a9-904775b32130	1
113	popup	30	f	2026-02-04 12:06:09.993935+00	beb88c82-e7d8-4323-91a9-904775b32130	1
114	popup	60	f	2026-02-04 12:06:09.995358+00	beb88c82-e7d8-4323-91a9-904775b32130	1
115	popup	120	f	2026-02-04 12:06:09.99639+00	beb88c82-e7d8-4323-91a9-904775b32130	1
116	popup	1440	f	2026-02-04 12:06:09.997467+00	beb88c82-e7d8-4323-91a9-904775b32130	1
117	popup	2880	f	2026-02-04 12:06:09.998521+00	beb88c82-e7d8-4323-91a9-904775b32130	1
126	popup	15	f	2026-02-06 17:21:04.273086+00	1dc8ad3d-9f90-4fd4-ac57-4cbe7299e869	1
127	popup	15	f	2026-02-06 17:21:17.140892+00	9018f080-9318-4441-adde-adb6676886fc	1
128	popup	15	f	2026-02-06 17:21:30.412271+00	d00f4eff-be80-4b0c-a4fb-6962b82471ff	1
129	popup	15	f	2026-02-06 17:21:44.13128+00	23aa6ad3-b73d-4b3c-a200-909ff041bb8b	1
130	popup	15	f	2026-02-06 17:21:57.23921+00	5887f088-275f-405f-aba1-0a8cdc789287	1
131	popup	5	f	2026-02-06 17:28:14.152561+00	6cd1ef5e-9a8f-42f9-bb98-fefa6520b6b3	1
132	popup	15	f	2026-02-06 17:28:14.153861+00	6cd1ef5e-9a8f-42f9-bb98-fefa6520b6b3	1
133	popup	30	f	2026-02-06 17:28:14.154946+00	6cd1ef5e-9a8f-42f9-bb98-fefa6520b6b3	1
134	popup	60	f	2026-02-06 17:28:14.156062+00	6cd1ef5e-9a8f-42f9-bb98-fefa6520b6b3	1
135	popup	120	f	2026-02-06 17:28:14.157173+00	6cd1ef5e-9a8f-42f9-bb98-fefa6520b6b3	1
136	popup	1440	f	2026-02-06 17:28:14.15803+00	6cd1ef5e-9a8f-42f9-bb98-fefa6520b6b3	1
137	popup	2880	f	2026-02-06 17:28:14.159889+00	6cd1ef5e-9a8f-42f9-bb98-fefa6520b6b3	1
138	popup	15	f	2026-02-06 17:41:18.584827+00	1d5a3e88-8a2c-4b86-9421-03ed5233ae93	1
139	popup	30	f	2026-02-06 17:41:18.586128+00	1d5a3e88-8a2c-4b86-9421-03ed5233ae93	1
140	popup	60	f	2026-02-06 17:41:18.587194+00	1d5a3e88-8a2c-4b86-9421-03ed5233ae93	1
141	popup	120	f	2026-02-06 17:41:18.588299+00	1d5a3e88-8a2c-4b86-9421-03ed5233ae93	1
142	popup	1440	f	2026-02-06 17:41:18.5894+00	1d5a3e88-8a2c-4b86-9421-03ed5233ae93	1
143	popup	2880	f	2026-02-06 17:41:18.590668+00	1d5a3e88-8a2c-4b86-9421-03ed5233ae93	1
144	popup	5	f	2026-02-06 17:41:48.254615+00	7e35e841-1ea3-4cee-949e-c142e6854627	1
145	popup	15	f	2026-02-06 17:41:48.255872+00	7e35e841-1ea3-4cee-949e-c142e6854627	1
146	popup	30	f	2026-02-06 17:41:48.256984+00	7e35e841-1ea3-4cee-949e-c142e6854627	1
147	popup	60	f	2026-02-06 17:41:48.258068+00	7e35e841-1ea3-4cee-949e-c142e6854627	1
148	popup	120	f	2026-02-06 17:41:48.259164+00	7e35e841-1ea3-4cee-949e-c142e6854627	1
149	popup	1440	f	2026-02-06 17:41:48.260278+00	7e35e841-1ea3-4cee-949e-c142e6854627	1
150	popup	2880	f	2026-02-06 17:41:48.261389+00	7e35e841-1ea3-4cee-949e-c142e6854627	1
151	popup	15	f	2026-02-08 12:03:11.18956+00	da20d9c9-3ccb-4fc4-a47e-4dc621c1a83a	1
152	popup	15	f	2026-02-08 12:03:17.880463+00	4ec0a94b-72f9-4e89-bb13-6d890d26e54d	1
153	popup	15	f	2026-02-08 12:03:24.567856+00	e785d511-6fd7-4f55-8ba2-efca216cd9e7	1
154	popup	15	f	2026-02-08 12:03:31.825409+00	c8c0ba44-7c96-412a-b836-3e3120db84a7	1
155	popup	15	f	2026-02-08 12:03:38.797631+00	38ee8808-bfb5-4196-a2d3-36d80b51b834	1
156	popup	15	f	2026-02-08 12:03:46.06261+00	2a5d9cce-0558-4ee4-bc94-843cdd290cc8	1
157	popup	15	f	2026-02-08 12:03:53.32446+00	be1014ea-9827-4efd-b4e4-4c866eb1a519	1
158	popup	5	f	2026-02-08 12:12:30.668143+00	0c618973-d23d-495d-9c65-c3eb5955fe7a	1
159	popup	15	f	2026-02-08 12:12:30.669267+00	0c618973-d23d-495d-9c65-c3eb5955fe7a	1
160	popup	30	f	2026-02-08 12:12:30.670334+00	0c618973-d23d-495d-9c65-c3eb5955fe7a	1
161	popup	60	f	2026-02-08 12:12:30.671426+00	0c618973-d23d-495d-9c65-c3eb5955fe7a	1
162	popup	120	f	2026-02-08 12:12:30.672537+00	0c618973-d23d-495d-9c65-c3eb5955fe7a	1
163	popup	1440	f	2026-02-08 12:12:30.673666+00	0c618973-d23d-495d-9c65-c3eb5955fe7a	1
164	popup	2880	f	2026-02-08 12:12:30.674743+00	0c618973-d23d-495d-9c65-c3eb5955fe7a	1
165	popup	5	f	2026-02-08 12:12:58.219388+00	dbb4e4b7-78fc-476a-9922-ce8bbc0becef	1
166	popup	15	f	2026-02-08 12:12:58.220742+00	dbb4e4b7-78fc-476a-9922-ce8bbc0becef	1
167	popup	30	f	2026-02-08 12:12:58.221788+00	dbb4e4b7-78fc-476a-9922-ce8bbc0becef	1
168	popup	60	f	2026-02-08 12:12:58.222926+00	dbb4e4b7-78fc-476a-9922-ce8bbc0becef	1
169	popup	120	f	2026-02-08 12:12:58.223993+00	dbb4e4b7-78fc-476a-9922-ce8bbc0becef	1
170	popup	1440	f	2026-02-08 12:12:58.225066+00	dbb4e4b7-78fc-476a-9922-ce8bbc0becef	1
171	popup	2880	f	2026-02-08 12:12:58.226166+00	dbb4e4b7-78fc-476a-9922-ce8bbc0becef	1
172	popup	5	f	2026-02-08 12:16:36.054285+00	31268601-6ca9-4a05-834a-56447a06cf3b	1
173	popup	15	f	2026-02-08 12:16:36.0556+00	31268601-6ca9-4a05-834a-56447a06cf3b	1
174	popup	30	f	2026-02-08 12:16:36.056699+00	31268601-6ca9-4a05-834a-56447a06cf3b	1
175	popup	60	f	2026-02-08 12:16:36.057827+00	31268601-6ca9-4a05-834a-56447a06cf3b	1
176	popup	120	f	2026-02-08 12:16:36.058937+00	31268601-6ca9-4a05-834a-56447a06cf3b	1
177	popup	1440	f	2026-02-08 12:16:36.059835+00	31268601-6ca9-4a05-834a-56447a06cf3b	1
178	popup	2880	f	2026-02-08 12:16:36.060955+00	31268601-6ca9-4a05-834a-56447a06cf3b	1
179	popup	15	f	2026-02-09 17:43:19.885538+00	d58fadb9-9053-4160-860b-ced4a2d0e538	1
180	popup	15	f	2026-02-09 17:43:35.294669+00	8ce4fdbc-354f-4889-ba7a-55fa6b6579b9	1
181	popup	15	f	2026-02-09 17:43:48.821116+00	76855ea6-1fa5-4967-b55b-86045fbc950a	1
182	popup	15	f	2026-02-09 17:44:02.01788+00	8920be50-e098-453b-aeb5-c396625331b1	1
183	popup	15	f	2026-02-09 17:44:14.789105+00	250c8a50-cf18-4e86-9b8f-5cada38ad4f1	1
184	popup	15	f	2026-02-09 17:44:29.667111+00	579e6766-5e40-477f-8131-b1b576ac08a9	1
185	popup	30	f	2026-02-09 17:44:29.668387+00	579e6766-5e40-477f-8131-b1b576ac08a9	1
186	popup	15	f	2026-02-09 17:44:45.655241+00	28e38eea-ff75-47bf-9847-17ccb1d5c433	1
187	popup	30	f	2026-02-09 17:44:45.656397+00	28e38eea-ff75-47bf-9847-17ccb1d5c433	1
188	popup	15	f	2026-02-09 17:45:01.013913+00	0df26d6c-7069-4b32-b818-46eba1004c62	1
189	popup	30	f	2026-02-09 17:45:01.015012+00	0df26d6c-7069-4b32-b818-46eba1004c62	1
194	popup	15	f	2026-02-10 09:21:31.805108+00	3762552f-9825-4ee9-873a-8e58bd5c86d8	1
195	popup	15	f	2026-02-10 09:21:47.091926+00	b135b014-c839-41c8-9631-a231bed4cb76	1
196	popup	15	f	2026-02-10 09:22:02.722808+00	423f528d-44f5-4abf-a620-eb4ebecc4f04	1
197	popup	15	f	2026-02-10 09:22:19.010661+00	fa630067-5a12-4e10-887c-4aba75d43740	1
198	popup	15	f	2026-02-10 16:18:26.376184+00	8a8310c9-eb3e-4850-8878-e8e28f7ce760	1
199	popup	30	f	2026-02-11 12:24:40.825575+00	4c19669e-2246-4dbd-ad40-0d41d7cdeccb	1
200	popup	15	f	2026-02-11 12:25:05.376793+00	862e3d4c-144f-4d2d-877b-4d48e638bbe3	1
201	popup	30	f	2026-02-11 12:25:05.378126+00	862e3d4c-144f-4d2d-877b-4d48e638bbe3	1
202	popup	15	f	2026-02-11 12:25:30.670774+00	3eaf340f-4e52-4dea-b2bd-37aa8037e33f	1
203	popup	30	f	2026-02-11 12:25:30.672047+00	3eaf340f-4e52-4dea-b2bd-37aa8037e33f	1
204	popup	60	f	2026-02-11 12:25:30.673141+00	3eaf340f-4e52-4dea-b2bd-37aa8037e33f	1
205	popup	120	f	2026-02-11 12:25:30.674245+00	3eaf340f-4e52-4dea-b2bd-37aa8037e33f	1
206	popup	15	f	2026-02-12 12:21:09.89768+00	a9db8cdc-9115-4377-a962-c1403fbf3cb3	1
207	popup	30	f	2026-02-12 12:21:09.899+00	a9db8cdc-9115-4377-a962-c1403fbf3cb3	1
208	popup	60	f	2026-02-12 12:21:09.900126+00	a9db8cdc-9115-4377-a962-c1403fbf3cb3	1
209	popup	15	f	2026-02-12 12:21:51.39994+00	57d4de81-81d9-4c80-835a-cb00c1460168	1
210	popup	30	f	2026-02-12 12:21:51.401016+00	57d4de81-81d9-4c80-835a-cb00c1460168	1
211	popup	60	f	2026-02-12 12:21:51.402097+00	57d4de81-81d9-4c80-835a-cb00c1460168	1
212	popup	15	f	2026-02-12 12:23:15.208655+00	7dac9fad-2704-4b1f-839d-b86dd3cedbed	1
213	popup	30	f	2026-02-12 12:23:15.209897+00	7dac9fad-2704-4b1f-839d-b86dd3cedbed	1
214	popup	60	f	2026-02-12 12:23:15.21098+00	7dac9fad-2704-4b1f-839d-b86dd3cedbed	1
215	popup	120	f	2026-02-12 12:23:15.212078+00	7dac9fad-2704-4b1f-839d-b86dd3cedbed	1
216	popup	1440	f	2026-02-12 12:23:15.213213+00	7dac9fad-2704-4b1f-839d-b86dd3cedbed	1
217	popup	15	f	2026-02-12 12:25:27.576606+00	88008577-8e7a-4245-bcfb-5b70f20fdc5f	1
218	popup	30	f	2026-02-12 12:25:27.577716+00	88008577-8e7a-4245-bcfb-5b70f20fdc5f	1
219	popup	60	f	2026-02-12 12:25:27.578889+00	88008577-8e7a-4245-bcfb-5b70f20fdc5f	1
220	popup	120	f	2026-02-12 12:25:27.579978+00	88008577-8e7a-4245-bcfb-5b70f20fdc5f	1
221	popup	1440	f	2026-02-12 12:25:27.581078+00	88008577-8e7a-4245-bcfb-5b70f20fdc5f	1
222	popup	5	f	2026-02-12 12:27:05.466368+00	de32c05c-eb7c-4bdd-9d4c-4eca07576607	1
223	popup	15	f	2026-02-12 12:27:05.46762+00	de32c05c-eb7c-4bdd-9d4c-4eca07576607	1
224	popup	30	f	2026-02-12 12:27:05.468705+00	de32c05c-eb7c-4bdd-9d4c-4eca07576607	1
225	popup	60	f	2026-02-12 12:27:05.469812+00	de32c05c-eb7c-4bdd-9d4c-4eca07576607	1
226	popup	120	f	2026-02-12 12:27:05.470906+00	de32c05c-eb7c-4bdd-9d4c-4eca07576607	1
227	popup	15	f	2026-02-12 12:52:54.090677+00	a1aacea9-c482-407e-920e-9b545e47bba6	1
228	popup	30	f	2026-02-12 12:52:54.09178+00	a1aacea9-c482-407e-920e-9b545e47bba6	1
229	popup	60	f	2026-02-12 12:52:54.092488+00	a1aacea9-c482-407e-920e-9b545e47bba6	1
230	popup	120	f	2026-02-12 12:52:54.093207+00	a1aacea9-c482-407e-920e-9b545e47bba6	1
231	popup	1440	f	2026-02-12 12:52:54.093926+00	a1aacea9-c482-407e-920e-9b545e47bba6	1
232	popup	15	f	2026-02-13 13:45:38.716878+00	a4df0c2c-1319-41ab-8cca-b0b2fdbf617b	1
233	popup	30	f	2026-02-13 13:45:38.718131+00	a4df0c2c-1319-41ab-8cca-b0b2fdbf617b	1
234	popup	60	f	2026-02-13 13:45:38.719223+00	a4df0c2c-1319-41ab-8cca-b0b2fdbf617b	1
235	popup	15	f	2026-02-13 13:45:54.861861+00	d9126f14-5d21-4402-91ca-6065f72e881b	1
236	popup	30	f	2026-02-13 13:45:54.862944+00	d9126f14-5d21-4402-91ca-6065f72e881b	1
237	popup	60	f	2026-02-13 13:45:54.863675+00	d9126f14-5d21-4402-91ca-6065f72e881b	1
238	popup	15	f	2026-02-13 13:46:10.430566+00	a03ca424-d24c-425c-9941-4fedfa57dab1	1
239	popup	30	f	2026-02-13 13:46:10.431646+00	a03ca424-d24c-425c-9941-4fedfa57dab1	1
240	popup	15	f	2026-02-13 13:46:28.226897+00	9ecbb5de-5de6-4a47-bcb3-97aca7db0ccb	1
241	popup	30	f	2026-02-13 13:46:28.227987+00	9ecbb5de-5de6-4a47-bcb3-97aca7db0ccb	1
242	popup	60	f	2026-02-13 13:46:28.228751+00	9ecbb5de-5de6-4a47-bcb3-97aca7db0ccb	1
243	popup	15	f	2026-02-13 22:18:39.782836+00	b7a30263-81be-4be0-8f09-a1f11d60cc86	1
244	popup	15	f	2026-02-13 22:23:02.190091+00	a56b0a1f-be2b-4e2c-aca8-7319813eab3e	1
245	popup	60	f	2026-02-13 22:23:02.191187+00	a56b0a1f-be2b-4e2c-aca8-7319813eab3e	1
246	popup	15	f	2026-02-13 22:23:10.61624+00	8a2df5a4-c7ee-4b15-bd9f-d1aa879088eb	1
247	popup	60	f	2026-02-13 22:23:10.617306+00	8a2df5a4-c7ee-4b15-bd9f-d1aa879088eb	1
248	popup	15	f	2026-02-13 22:23:19.749813+00	6272d0d6-982d-4436-9078-42d8a4b99b48	1
249	popup	30	f	2026-02-13 22:23:19.75142+00	6272d0d6-982d-4436-9078-42d8a4b99b48	1
250	popup	15	f	2026-02-13 22:23:28.42097+00	5868f31f-6958-4fb0-bd29-536e013f6758	1
251	popup	30	f	2026-02-13 22:23:28.422267+00	5868f31f-6958-4fb0-bd29-536e013f6758	1
252	popup	15	f	2026-02-13 22:23:38.027889+00	9271d538-7f4e-4d7c-9d86-dab8f7f4964a	1
253	popup	60	f	2026-02-13 22:23:38.02899+00	9271d538-7f4e-4d7c-9d86-dab8f7f4964a	1
254	popup	15	f	2026-02-13 22:23:48.130195+00	a1468d23-635a-4097-8d53-d694aad05550	1
255	popup	60	f	2026-02-13 22:23:48.13127+00	a1468d23-635a-4097-8d53-d694aad05550	1
258	popup	5	f	2026-02-15 10:22:53.21057+00	ca5f9443-5ad8-43d5-91ce-622780cf5433	1
259	popup	60	f	2026-02-15 10:22:53.211802+00	ca5f9443-5ad8-43d5-91ce-622780cf5433	1
260	popup	1440	f	2026-02-15 10:22:53.212958+00	ca5f9443-5ad8-43d5-91ce-622780cf5433	1
261	popup	15	f	2026-02-16 07:12:28.188895+00	01f98c5a-a07d-4f04-b8f1-d5100e297073	1
262	popup	15	f	2026-02-16 07:12:35.951834+00	c37f76bb-1557-4c52-8b7c-555a21524da6	1
264	popup	15	f	2026-02-17 12:43:52.680204+00	e32582eb-5210-46b8-8e70-7d8b8e0c8fad	1
265	popup	30	f	2026-02-17 12:43:52.682064+00	e32582eb-5210-46b8-8e70-7d8b8e0c8fad	1
266	popup	15	f	2026-02-17 12:44:30.223969+00	1f4fc333-95ef-450d-a79d-60d3196d308a	1
267	popup	30	f	2026-02-17 12:44:30.224968+00	1f4fc333-95ef-450d-a79d-60d3196d308a	1
268	popup	15	f	2026-02-17 12:44:48.195516+00	e40db307-919c-412f-9297-af3362e49004	1
269	popup	30	f	2026-02-17 12:44:48.197024+00	e40db307-919c-412f-9297-af3362e49004	1
270	popup	15	f	2026-02-18 14:16:28.364818+00	0b6f64de-c2ce-4f2d-8d2e-4d4e7d5a29a2	1
271	popup	30	f	2026-02-18 14:16:28.365897+00	0b6f64de-c2ce-4f2d-8d2e-4d4e7d5a29a2	1
272	popup	60	f	2026-02-18 14:16:28.366608+00	0b6f64de-c2ce-4f2d-8d2e-4d4e7d5a29a2	1
273	popup	15	f	2026-02-18 14:18:45.373311+00	97730035-cb07-4196-98d7-37f01ad7278d	1
274	popup	30	f	2026-02-18 14:18:45.377012+00	97730035-cb07-4196-98d7-37f01ad7278d	1
275	popup	60	f	2026-02-18 14:18:45.379032+00	97730035-cb07-4196-98d7-37f01ad7278d	1
276	popup	120	f	2026-02-18 14:18:45.381723+00	97730035-cb07-4196-98d7-37f01ad7278d	1
277	popup	15	f	2026-02-18 14:20:14.275086+00	e94cbddc-16f8-4f4e-ac78-9147549bb788	1
278	popup	30	f	2026-02-18 14:20:14.276324+00	e94cbddc-16f8-4f4e-ac78-9147549bb788	1
279	popup	60	f	2026-02-18 14:20:14.27711+00	e94cbddc-16f8-4f4e-ac78-9147549bb788	1
280	popup	120	f	2026-02-18 14:20:14.278135+00	e94cbddc-16f8-4f4e-ac78-9147549bb788	1
281	popup	15	f	2026-02-18 14:21:45.204503+00	d8677512-9f24-4c59-ad92-e3dd35b7800d	1
282	popup	30	f	2026-02-18 14:21:45.207683+00	d8677512-9f24-4c59-ad92-e3dd35b7800d	1
283	popup	60	f	2026-02-18 14:21:45.209285+00	d8677512-9f24-4c59-ad92-e3dd35b7800d	1
284	popup	120	f	2026-02-18 14:21:45.211444+00	d8677512-9f24-4c59-ad92-e3dd35b7800d	1
285	popup	15	f	2026-02-18 15:38:22.5271+00	afe830cb-74cd-4683-bc4e-9ce1701f25e5	1
286	popup	30	f	2026-02-18 15:38:22.528651+00	afe830cb-74cd-4683-bc4e-9ce1701f25e5	1
287	popup	60	f	2026-02-18 15:38:22.529719+00	afe830cb-74cd-4683-bc4e-9ce1701f25e5	1
288	popup	120	f	2026-02-18 15:38:22.530835+00	afe830cb-74cd-4683-bc4e-9ce1701f25e5	1
289	popup	15	f	2026-02-19 14:37:04.716475+00	22edc89a-3546-41d1-94cf-5f5a0ce42859	1
290	popup	30	f	2026-02-19 14:37:04.718058+00	22edc89a-3546-41d1-94cf-5f5a0ce42859	1
291	popup	60	f	2026-02-19 14:37:04.719121+00	22edc89a-3546-41d1-94cf-5f5a0ce42859	1
292	popup	120	f	2026-02-19 14:37:04.720186+00	22edc89a-3546-41d1-94cf-5f5a0ce42859	1
293	popup	15	f	2026-02-19 14:39:16.933692+00	38eec016-d88f-431e-be0b-15f40b9be93e	1
294	popup	30	f	2026-02-19 14:39:16.936176+00	38eec016-d88f-431e-be0b-15f40b9be93e	1
295	popup	60	f	2026-02-19 14:39:16.937298+00	38eec016-d88f-431e-be0b-15f40b9be93e	1
296	popup	120	f	2026-02-19 14:39:16.938374+00	38eec016-d88f-431e-be0b-15f40b9be93e	1
297	popup	15	f	2026-02-19 17:31:36.713354+00	d2bc8766-4cb1-4afa-b7bf-aa042e89114d	1
298	popup	30	f	2026-02-19 17:31:36.716287+00	d2bc8766-4cb1-4afa-b7bf-aa042e89114d	1
299	popup	60	f	2026-02-19 17:31:36.717263+00	d2bc8766-4cb1-4afa-b7bf-aa042e89114d	1
300	popup	120	f	2026-02-19 17:31:36.718356+00	d2bc8766-4cb1-4afa-b7bf-aa042e89114d	1
301	popup	15	f	2026-02-23 12:41:27.805086+00	da470796-70ac-4452-bbc3-3cda827c8e11	1
302	popup	30	f	2026-02-23 12:41:27.80699+00	da470796-70ac-4452-bbc3-3cda827c8e11	1
303	popup	60	f	2026-02-23 12:41:27.808072+00	da470796-70ac-4452-bbc3-3cda827c8e11	1
304	popup	120	f	2026-02-23 12:41:27.809135+00	da470796-70ac-4452-bbc3-3cda827c8e11	1
305	popup	15	f	2026-02-23 12:41:47.806784+00	92c567f2-618e-4146-8abf-44a769ed24b8	1
306	popup	30	f	2026-02-23 12:41:47.808354+00	92c567f2-618e-4146-8abf-44a769ed24b8	1
307	popup	60	f	2026-02-23 12:41:47.809455+00	92c567f2-618e-4146-8abf-44a769ed24b8	1
308	popup	120	f	2026-02-23 12:41:47.810523+00	92c567f2-618e-4146-8abf-44a769ed24b8	1
309	popup	15	f	2026-02-23 12:43:44.414725+00	079d222f-bc23-470f-a17b-86f24bbf5196	1
310	popup	30	f	2026-02-23 12:43:44.417023+00	079d222f-bc23-470f-a17b-86f24bbf5196	1
311	popup	60	f	2026-02-23 12:43:44.417909+00	079d222f-bc23-470f-a17b-86f24bbf5196	1
312	popup	120	f	2026-02-23 12:43:44.418612+00	079d222f-bc23-470f-a17b-86f24bbf5196	1
313	popup	15	f	2026-02-23 12:44:33.541124+00	e6f5bac6-2c1f-481c-b478-54d463756f98	1
314	popup	30	f	2026-02-23 12:44:33.543005+00	e6f5bac6-2c1f-481c-b478-54d463756f98	1
315	popup	60	f	2026-02-23 12:44:33.544109+00	e6f5bac6-2c1f-481c-b478-54d463756f98	1
316	popup	120	f	2026-02-23 12:44:33.545174+00	e6f5bac6-2c1f-481c-b478-54d463756f98	1
317	popup	1440	f	2026-02-23 12:44:33.546278+00	e6f5bac6-2c1f-481c-b478-54d463756f98	1
318	popup	15	f	2026-02-23 12:45:14.362828+00	88a864fa-a52f-4f9b-8a97-162c1cf586b4	1
319	popup	30	f	2026-02-23 12:45:14.363923+00	88a864fa-a52f-4f9b-8a97-162c1cf586b4	1
320	popup	60	f	2026-02-23 12:45:14.364982+00	88a864fa-a52f-4f9b-8a97-162c1cf586b4	1
321	popup	120	f	2026-02-23 12:45:14.366303+00	88a864fa-a52f-4f9b-8a97-162c1cf586b4	1
322	popup	15	f	2026-02-25 11:33:45.365514+00	968b80c0-9798-46ad-ac25-47ec9204b795	1
323	popup	30	f	2026-02-25 11:33:45.369409+00	968b80c0-9798-46ad-ac25-47ec9204b795	1
324	popup	60	f	2026-02-25 11:33:45.370502+00	968b80c0-9798-46ad-ac25-47ec9204b795	1
325	popup	120	f	2026-02-25 11:33:45.371572+00	968b80c0-9798-46ad-ac25-47ec9204b795	1
326	popup	15	f	2026-02-25 11:34:39.062668+00	bc91e32a-584a-4470-909a-92b6b813aa05	1
327	popup	30	f	2026-02-25 11:34:39.064382+00	bc91e32a-584a-4470-909a-92b6b813aa05	1
328	popup	60	f	2026-02-25 11:34:39.065635+00	bc91e32a-584a-4470-909a-92b6b813aa05	1
329	popup	120	f	2026-02-25 11:34:39.066955+00	bc91e32a-584a-4470-909a-92b6b813aa05	1
330	popup	1440	f	2026-02-25 11:34:39.06801+00	bc91e32a-584a-4470-909a-92b6b813aa05	1
331	popup	15	f	2026-02-25 11:36:12.752083+00	e56b16f4-be0b-4bfa-b425-c695d91d19c5	1
332	popup	30	f	2026-02-25 11:36:12.75315+00	e56b16f4-be0b-4bfa-b425-c695d91d19c5	1
333	popup	60	f	2026-02-25 11:36:12.754222+00	e56b16f4-be0b-4bfa-b425-c695d91d19c5	1
334	popup	120	f	2026-02-25 11:36:12.7564+00	e56b16f4-be0b-4bfa-b425-c695d91d19c5	1
335	popup	15	f	2026-02-25 11:36:46.882942+00	72d38de4-dff6-43b8-b95d-5b372c5edbee	1
336	popup	30	f	2026-02-25 11:36:46.88475+00	72d38de4-dff6-43b8-b95d-5b372c5edbee	1
337	popup	60	f	2026-02-25 11:36:46.885812+00	72d38de4-dff6-43b8-b95d-5b372c5edbee	1
338	popup	120	f	2026-02-25 11:36:46.88679+00	72d38de4-dff6-43b8-b95d-5b372c5edbee	1
339	popup	5	f	2026-02-25 11:40:16.168911+00	cb3fff79-c95d-4b98-82d3-8ea1c180e2b3	1
340	popup	15	f	2026-02-25 11:40:16.170068+00	cb3fff79-c95d-4b98-82d3-8ea1c180e2b3	1
341	popup	30	f	2026-02-25 11:40:16.171192+00	cb3fff79-c95d-4b98-82d3-8ea1c180e2b3	1
342	popup	60	f	2026-02-25 11:40:16.17347+00	cb3fff79-c95d-4b98-82d3-8ea1c180e2b3	1
343	popup	120	f	2026-02-25 11:40:16.1744+00	cb3fff79-c95d-4b98-82d3-8ea1c180e2b3	1
344	popup	5	f	2026-02-25 11:41:41.59623+00	4b4dcc1a-d1d9-4583-b46c-1cb8b13da59b	1
345	popup	15	f	2026-02-25 11:41:41.597313+00	4b4dcc1a-d1d9-4583-b46c-1cb8b13da59b	1
346	popup	30	f	2026-02-25 11:41:41.598389+00	4b4dcc1a-d1d9-4583-b46c-1cb8b13da59b	1
347	popup	60	f	2026-02-25 11:41:41.599119+00	4b4dcc1a-d1d9-4583-b46c-1cb8b13da59b	1
348	popup	120	f	2026-02-25 11:41:41.600256+00	4b4dcc1a-d1d9-4583-b46c-1cb8b13da59b	1
349	popup	15	f	2026-02-25 11:42:44.50835+00	211cb7b6-00a6-4ac8-8760-61a1fbcc4e70	1
350	popup	30	f	2026-02-25 11:42:44.509457+00	211cb7b6-00a6-4ac8-8760-61a1fbcc4e70	1
351	popup	60	f	2026-02-25 11:42:44.510542+00	211cb7b6-00a6-4ac8-8760-61a1fbcc4e70	1
352	popup	120	f	2026-02-25 11:42:44.511614+00	211cb7b6-00a6-4ac8-8760-61a1fbcc4e70	1
353	popup	5	f	2026-02-25 11:59:24.210153+00	1cc5341d-cf1c-4693-8001-1ccf271fae31	1
354	popup	15	f	2026-02-25 11:59:24.212204+00	1cc5341d-cf1c-4693-8001-1ccf271fae31	1
355	popup	30	f	2026-02-25 11:59:24.213389+00	1cc5341d-cf1c-4693-8001-1ccf271fae31	1
356	popup	60	f	2026-02-25 11:59:24.21432+00	1cc5341d-cf1c-4693-8001-1ccf271fae31	1
357	popup	120	f	2026-02-25 11:59:24.215391+00	1cc5341d-cf1c-4693-8001-1ccf271fae31	1
358	popup	15	f	2026-02-27 11:38:02.384285+00	8ae508f1-132a-49c7-b1ec-3dae0b8c42c8	1
359	popup	30	f	2026-02-27 11:38:02.385447+00	8ae508f1-132a-49c7-b1ec-3dae0b8c42c8	1
360	popup	60	f	2026-02-27 11:38:02.386513+00	8ae508f1-132a-49c7-b1ec-3dae0b8c42c8	1
361	popup	120	f	2026-02-27 11:38:02.387595+00	8ae508f1-132a-49c7-b1ec-3dae0b8c42c8	1
362	popup	1440	f	2026-02-27 11:38:02.388677+00	8ae508f1-132a-49c7-b1ec-3dae0b8c42c8	1
363	popup	15	f	2026-03-02 13:57:26.170269+00	89a00252-7205-4f06-b9cc-12bd70299002	1
364	popup	30	f	2026-03-02 13:57:26.173729+00	89a00252-7205-4f06-b9cc-12bd70299002	1
365	popup	60	f	2026-03-02 13:57:26.174844+00	89a00252-7205-4f06-b9cc-12bd70299002	1
366	popup	120	f	2026-03-02 13:57:26.175923+00	89a00252-7205-4f06-b9cc-12bd70299002	1
367	popup	15	f	2026-03-02 13:59:53.673163+00	8e70567e-a21e-4876-ba53-3f0055c3ddea	1
368	popup	30	f	2026-03-02 13:59:53.67425+00	8e70567e-a21e-4876-ba53-3f0055c3ddea	1
369	popup	60	f	2026-03-02 13:59:53.675328+00	8e70567e-a21e-4876-ba53-3f0055c3ddea	1
370	popup	120	f	2026-03-02 13:59:53.676391+00	8e70567e-a21e-4876-ba53-3f0055c3ddea	1
371	popup	15	f	2026-03-04 14:51:42.333562+00	0173e200-442e-4214-bae2-517ee3c97b29	1
372	popup	30	f	2026-03-04 14:51:42.339268+00	0173e200-442e-4214-bae2-517ee3c97b29	1
373	popup	60	f	2026-03-04 14:51:42.340289+00	0173e200-442e-4214-bae2-517ee3c97b29	1
374	popup	120	f	2026-03-04 14:51:42.341347+00	0173e200-442e-4214-bae2-517ee3c97b29	1
375	popup	15	f	2026-03-08 10:01:22.861817+00	a0b0b6cb-5e1d-4aaf-bc6a-a1af27d001db	1
376	popup	30	f	2026-03-08 10:01:22.863925+00	a0b0b6cb-5e1d-4aaf-bc6a-a1af27d001db	1
377	popup	60	f	2026-03-08 10:01:22.865255+00	a0b0b6cb-5e1d-4aaf-bc6a-a1af27d001db	1
378	popup	120	f	2026-03-08 10:01:22.866585+00	a0b0b6cb-5e1d-4aaf-bc6a-a1af27d001db	1
379	popup	15	f	2026-03-08 10:01:45.132116+00	33871109-25f6-49c1-b8c0-e4a122a017d2	1
380	popup	30	f	2026-03-08 10:01:45.133709+00	33871109-25f6-49c1-b8c0-e4a122a017d2	1
381	popup	60	f	2026-03-08 10:01:45.135013+00	33871109-25f6-49c1-b8c0-e4a122a017d2	1
382	popup	120	f	2026-03-08 10:01:45.136385+00	33871109-25f6-49c1-b8c0-e4a122a017d2	1
383	popup	1440	f	2026-03-08 10:01:45.137497+00	33871109-25f6-49c1-b8c0-e4a122a017d2	1
384	popup	15	f	2026-03-08 10:11:41.995906+00	f1ba4e46-983e-4694-bd37-b013e07d3681	1
385	popup	30	f	2026-03-08 10:11:41.998043+00	f1ba4e46-983e-4694-bd37-b013e07d3681	1
386	popup	60	f	2026-03-08 10:11:41.999229+00	f1ba4e46-983e-4694-bd37-b013e07d3681	1
387	popup	120	f	2026-03-08 10:11:42.000255+00	f1ba4e46-983e-4694-bd37-b013e07d3681	1
388	popup	15	f	2026-03-08 10:11:58.920133+00	fa8f6751-2ea7-4ff0-8cfe-bb915bdffd81	1
389	popup	30	f	2026-03-08 10:11:58.921441+00	fa8f6751-2ea7-4ff0-8cfe-bb915bdffd81	1
390	popup	60	f	2026-03-08 10:11:58.922519+00	fa8f6751-2ea7-4ff0-8cfe-bb915bdffd81	1
391	popup	120	f	2026-03-08 10:11:58.923603+00	fa8f6751-2ea7-4ff0-8cfe-bb915bdffd81	1
392	popup	1440	f	2026-03-08 10:11:58.924694+00	fa8f6751-2ea7-4ff0-8cfe-bb915bdffd81	1
393	popup	15	f	2026-03-08 10:13:15.20736+00	7e56812f-8626-4c28-a0a6-33a303108208	1
394	popup	30	f	2026-03-08 10:13:15.208519+00	7e56812f-8626-4c28-a0a6-33a303108208	1
395	popup	60	f	2026-03-08 10:13:15.209596+00	7e56812f-8626-4c28-a0a6-33a303108208	1
396	popup	120	f	2026-03-08 10:13:15.210685+00	7e56812f-8626-4c28-a0a6-33a303108208	1
397	popup	5	f	2026-03-08 10:14:32.278741+00	bec93ec0-cf36-4c2c-a610-d2815c2b2098	1
398	popup	15	f	2026-03-08 10:14:32.280876+00	bec93ec0-cf36-4c2c-a610-d2815c2b2098	1
399	popup	30	f	2026-03-08 10:14:32.281936+00	bec93ec0-cf36-4c2c-a610-d2815c2b2098	1
400	popup	60	f	2026-03-08 10:14:32.283011+00	bec93ec0-cf36-4c2c-a610-d2815c2b2098	1
401	popup	120	f	2026-03-08 10:14:32.284088+00	bec93ec0-cf36-4c2c-a610-d2815c2b2098	1
402	popup	1440	f	2026-03-08 10:14:32.28517+00	bec93ec0-cf36-4c2c-a610-d2815c2b2098	1
403	popup	15	f	2026-03-10 13:51:17.702724+00	49f809a8-9f9f-4474-b182-199c744d306e	1
404	popup	60	f	2026-03-10 13:51:17.703939+00	49f809a8-9f9f-4474-b182-199c744d306e	1
405	popup	1440	f	2026-03-10 13:51:17.705006+00	49f809a8-9f9f-4474-b182-199c744d306e	1
406	popup	30	f	2026-03-10 13:51:17.706096+00	49f809a8-9f9f-4474-b182-199c744d306e	1
411	popup	15	f	2026-03-10 14:00:53.009552+00	7f3cdfc7-df72-4ed9-8bbf-c9ffa32f1f66	1
\.


--
-- Data for Name: calendar_app_goal; Type: TABLE DATA; Schema: public; Owner: -
--

COPY public.calendar_app_goal (id, title, description, frequency, priority, status, target_value, current_value, unit, start_date, end_date, color, is_active, created_at, updated_at, user_id, is_completed) FROM stdin;
3247f7fc-9b0d-4ec6-9c69-c6eef154b370	95 percent from free throw line	\N	daily	medium	active	\N	0	\N	2026-01-28	\N	#4CAF50	t	2026-01-28 11:58:32.118258+00	2026-01-28 11:58:32.11827+00	1	f
cead3630-a4fd-4e96-b79f-fa4c1eadfa65	85 percent from 3 point line	\N	daily	medium	active	\N	0	\N	2026-01-28	\N	#4CAF50	t	2026-01-28 11:59:03.395563+00	2026-01-28 11:59:03.395582+00	1	f
c3c8dddc-a58c-4463-98b7-609220eda155	Learn Machine learning and artificial intelligence really well	\N	daily	medium	active	\N	0	\N	2026-01-28	\N	#4CAF50	t	2026-01-28 11:59:32.988693+00	2026-01-28 11:59:32.988706+00	1	f
3060316b-c043-465d-8672-5fb804c4ff17	1000 questions in passorgo.com	\N	daily	medium	active	\N	0	\N	2026-01-28	\N	#4CAF50	t	2026-01-28 12:00:29.308353+00	2026-01-28 12:00:29.308366+00	1	f
c57d8183-44fc-4d91-b68b-d1aeceb679fb	1 paper from Sami project	\N	daily	medium	active	\N	0	\N	2026-01-28	\N	#4CAF50	t	2026-01-28 12:00:58.587956+00	2026-01-28 12:00:58.587967+00	1	f
b8e07d8c-31b5-449f-9769-1d0ae065cc69	Finish all papers from Iyer lab	\N	daily	medium	active	\N	0	\N	2026-01-28	\N	#4CAF50	t	2026-01-28 12:01:15.184282+00	2026-01-28 12:01:15.184295+00	1	f
\.


--
-- Data for Name: calendar_app_goalprogress; Type: TABLE DATA; Schema: public; Owner: -
--

COPY public.calendar_app_goalprogress (id, date, value, notes, created_at, goal_id) FROM stdin;
\.


--
-- Data for Name: calendar_app_responsibility; Type: TABLE DATA; Schema: public; Owner: -
--

COPY public.calendar_app_responsibility (id, title, description, frequency, priority, status, start_date, due_date, completed_date, next_due_date, estimated_hours, actual_hours, color, is_active, created_at, updated_at, assigned_to_id, user_id) FROM stdin;
\.


--
-- Data for Name: calendar_app_responsibilitycompletion; Type: TABLE DATA; Schema: public; Owner: -
--

COPY public.calendar_app_responsibilitycompletion (id, completed_date, hours_spent, notes, quality_rating, responsibility_id) FROM stdin;
\.


--
-- Data for Name: django_admin_log; Type: TABLE DATA; Schema: public; Owner: -
--

COPY public.django_admin_log (id, action_time, object_id, object_repr, action_flag, change_message, content_type_id, user_id) FROM stdin;
1	2026-01-27 10:14:22.096923+00	8830ad0e-2c0e-4b4b-a955-80f5a748126d	AI-ALOE (andrewbrowne161@gmail.com)	1	[{"added": {}}]	7	1
2	2026-01-27 10:14:37.842393+00	d9c03d2c-b2c8-493b-bbd2-b8339a5fe536	General (andrewbrowne161@gmail.com)	1	[{"added": {}}]	7	1
3	2026-01-27 10:14:54.33485+00	50a0aded-34b2-4c86-83a3-e03e4a6f44fe	Training (andrewbrowne161@gmail.com)	1	[{"added": {}}]	7	1
4	2026-01-27 10:14:59.96796+00	d9c03d2c-b2c8-493b-bbd2-b8339a5fe536	General (andrewbrowne161@gmail.com)	2	[{"changed": {"fields": ["Timezone"]}}]	7	1
5	2026-01-27 10:15:15.423997+00	8830ad0e-2c0e-4b4b-a955-80f5a748126d	AI-ALOE (andrewbrowne161@gmail.com)	2	[{"changed": {"fields": ["Timezone"]}}]	7	1
\.


--
-- Data for Name: django_content_type; Type: TABLE DATA; Schema: public; Owner: -
--

COPY public.django_content_type (id, app_label, model) FROM stdin;
1	admin	logentry
2	auth	permission
3	auth	group
4	contenttypes	contenttype
5	sessions	session
6	authentication	user
7	calendar_app	calendar
8	calendar_app	event
9	calendar_app	calendarshare
10	calendar_app	eventattendee
11	calendar_app	eventreminder
12	calendar_app	goal
13	calendar_app	responsibility
14	calendar_app	responsibilitycompletion
15	calendar_app	goalprogress
16	finance	account
17	finance	category
18	finance	recurringtransaction
19	finance	transaction
20	finance	budget
21	finance	accountmember
22	finance	financialgoal
23	finance	subscription
\.


--
-- Data for Name: django_migrations; Type: TABLE DATA; Schema: public; Owner: -
--

COPY public.django_migrations (id, app, name, applied) FROM stdin;
1	contenttypes	0001_initial	2026-01-27 02:50:53.098842+00
2	contenttypes	0002_remove_content_type_name	2026-01-27 02:50:53.102426+00
3	auth	0001_initial	2026-01-27 02:50:53.129478+00
4	auth	0002_alter_permission_name_max_length	2026-01-27 02:50:53.133511+00
5	auth	0003_alter_user_email_max_length	2026-01-27 02:50:53.137534+00
6	auth	0004_alter_user_username_opts	2026-01-27 02:50:53.14154+00
7	auth	0005_alter_user_last_login_null	2026-01-27 02:50:53.145845+00
8	auth	0006_require_contenttypes_0002	2026-01-27 02:50:53.146976+00
9	auth	0007_alter_validators_add_error_messages	2026-01-27 02:50:53.151896+00
10	auth	0008_alter_user_username_max_length	2026-01-27 02:50:53.15688+00
11	auth	0009_alter_user_last_name_max_length	2026-01-27 02:50:53.161385+00
12	auth	0010_alter_group_name_max_length	2026-01-27 02:50:53.164687+00
13	auth	0011_update_proxy_permissions	2026-01-27 02:50:53.167707+00
14	auth	0012_alter_user_first_name_max_length	2026-01-27 02:50:53.170465+00
15	authentication	0001_initial	2026-01-27 02:50:53.206649+00
16	admin	0001_initial	2026-01-27 02:50:53.222791+00
17	admin	0002_logentry_remove_auto_add	2026-01-27 02:50:53.230239+00
18	admin	0003_logentry_add_action_flag_choices	2026-01-27 02:50:53.237537+00
19	calendar_app	0001_initial	2026-01-27 02:50:53.328166+00
20	calendar_app	0002_goal_responsibility_responsibilitycompletion_and_more	2026-01-27 02:50:53.405581+00
21	calendar_app	0003_add_is_completed_to_goal	2026-01-27 02:50:53.417297+00
22	sessions	0001_initial	2026-01-27 02:50:53.427602+00
23	calendar_app	0004_event_completed	2026-01-27 10:28:42.49304+00
24	finance	0001_initial	2026-02-28 14:22:10.246427+00
25	finance	0002_seed_categories	2026-02-28 14:22:10.283875+00
26	finance	0003_subscription_and_more	2026-03-03 08:54:35.413193+00
\.


--
-- Data for Name: django_session; Type: TABLE DATA; Schema: public; Owner: -
--

COPY public.django_session (session_key, session_data, expire_date) FROM stdin;
0wallp5nt5a8ym8b28b00xd3jzsvun8o	.eJxVjDsOwjAQBe_iGll21l9Kes5g7dobHECOFCcV4u4QKQW0b2beSyTc1pq2zkuaijgLLU6_G2F-cNtBuWO7zTLPbV0mkrsiD9rldS78vBzu30HFXr81kUcDxWUDAZRTWePgyNpCBkbvjGfWymiwcSSvYggFBgiWrSWHHFG8P844N0I:1vkZBg:1phtrz_keX3-f2yNQpR2YePT7eoicxcM_N74xUtDRA0	2026-02-10 02:52:16.42982+00
cre91phl5txpcy9al42xbom2r51e707c	.eJxVjDsOwjAQBe_iGll21l9Kes5g7dobHECOFCcV4u4QKQW0b2beSyTc1pq2zkuaijgLLU6_G2F-cNtBuWO7zTLPbV0mkrsiD9rldS78vBzu30HFXr81kUcDxWUDAZRTWePgyNpCBkbvjGfWymiwcSSvYggFBgiWrSWHHFG8P844N0I:1vkg55:BVnWvS5Wuij7gh9l143clDx7_RIWPUzvMP07d8JGew8	2026-02-10 10:13:55.648305+00
\.


--
-- Data for Name: finance_account; Type: TABLE DATA; Schema: public; Owner: -
--

COPY public.finance_account (id, name, account_type, description, currency, initial_balance, current_balance, color, icon, is_active, created_at, updated_at, owner_id) FROM stdin;
a0c6e4ba-0b1f-435f-ae83-433284290de1	Andrew Browne Limited Liability Company	business	\N	USD	0.00	0.00	#009688	\N	t	2026-03-08 10:49:59.247895+00	2026-03-08 10:50:11.570867+00	1
38f3936a-eb3e-4293-b0df-a68cfab1406c	Browne Bioactives Limited Company	business		USD	0.00	0.00	#2196F3	\N	t	2026-03-08 10:49:34.765657+00	2026-03-08 12:06:44.201673+00	1
5accce01-3caa-464c-9bee-d72817bc31af	Andy's Checking	personal		USD	3106.49	2062.75	#2196F3	\N	t	2026-03-03 07:58:50.646476+00	2026-03-09 12:42:55.520224+00	1
\.


--
-- Data for Name: finance_accountmember; Type: TABLE DATA; Schema: public; Owner: -
--

COPY public.finance_accountmember (id, role, created_at, account_id, user_id) FROM stdin;
\.


--
-- Data for Name: finance_budget; Type: TABLE DATA; Schema: public; Owner: -
--

COPY public.finance_budget (id, amount, period, start_date, end_date, color, is_active, created_at, updated_at, account_id, category_id, user_id) FROM stdin;
01b5dded-f0d2-44a6-bed6-445e71e97bfd	30.00	weekly	2026-03-03	\N	#4CAF50	t	2026-03-03 22:24:22.15676+00	2026-03-03 22:24:22.156772+00	5accce01-3caa-464c-9bee-d72817bc31af	90560740-afe0-46f6-a49a-15faee09aa41	1
\.


--
-- Data for Name: finance_category; Type: TABLE DATA; Schema: public; Owner: -
--

COPY public.finance_category (id, name, category_type, color, icon, is_tax_deductible, tax_category, is_active, created_at, parent_id, user_id) FROM stdin;
fb9435c3-6b52-4331-9a62-1afd76439eb7	Salary / Wages	income	#4CAF50	briefcase	f	\N	t	2026-02-28 14:22:10.263764+00	\N	\N
6cf60902-01b0-422b-8ab4-dcf519d3c52f	Business Revenue	income	#2196F3	trending-up	f	\N	t	2026-02-28 14:22:10.264712+00	\N	\N
2733673c-6deb-4363-a2ae-8e1e240ecde9	Freelance / Contract	income	#00BCD4	file-text	f	\N	t	2026-02-28 14:22:10.265017+00	\N	\N
6a84fb25-194e-4203-a400-862cdf8d43dd	Investment Income	income	#8BC34A	bar-chart-2	f	\N	t	2026-02-28 14:22:10.265309+00	\N	\N
c7fbab4c-61bf-4730-bea9-c386a7cd88da	Rental Income	income	#009688	home	f	\N	t	2026-02-28 14:22:10.265575+00	\N	\N
037271cc-b395-409a-8e9a-1849bd66f513	Refunds	income	#607D8B	rotate-ccw	f	\N	t	2026-02-28 14:22:10.265832+00	\N	\N
cb47b8c0-032d-4f2e-8ec0-4e4137b722eb	Other Income	income	#9E9E9E	plus-circle	f	\N	t	2026-02-28 14:22:10.266109+00	\N	\N
96f8f6ce-0e72-4138-a669-c766ea8ce7cb	Housing	expense	#795548	home	f	\N	t	2026-02-28 14:22:10.266381+00	\N	\N
e5dd594a-3a37-4d6b-bf4c-ec4c4b6cb642	Rent / Mortgage	expense	#795548	\N	f	\N	t	2026-02-28 14:22:10.266647+00	96f8f6ce-0e72-4138-a669-c766ea8ce7cb	\N
b6737899-2246-4f3d-ac82-04d3a328004b	Utilities	expense	#795548	\N	f	\N	t	2026-02-28 14:22:10.266911+00	96f8f6ce-0e72-4138-a669-c766ea8ce7cb	\N
99c35321-cfc1-480b-b508-61aaac39842b	Home Insurance	expense	#795548	\N	f	\N	t	2026-02-28 14:22:10.267182+00	96f8f6ce-0e72-4138-a669-c766ea8ce7cb	\N
2e327613-01b3-42f3-b6ba-7af6db9d6d61	Maintenance	expense	#795548	\N	f	\N	t	2026-02-28 14:22:10.26745+00	96f8f6ce-0e72-4138-a669-c766ea8ce7cb	\N
fb8ec15e-8a62-4798-83c2-55e350a9226c	Transportation	expense	#FF5722	car	f	\N	t	2026-02-28 14:22:10.267704+00	\N	\N
bba1cc11-857e-4260-b791-3792242882df	Gas / Fuel	expense	#FF5722	\N	f	\N	t	2026-02-28 14:22:10.267959+00	fb8ec15e-8a62-4798-83c2-55e350a9226c	\N
140e5b48-f6c5-43e9-9496-4a0eeeba5f35	Car Payment	expense	#FF5722	\N	f	\N	t	2026-02-28 14:22:10.268246+00	fb8ec15e-8a62-4798-83c2-55e350a9226c	\N
197fab4c-024d-42ac-84a2-9a8f172a5822	Auto Insurance	expense	#FF5722	\N	f	\N	t	2026-02-28 14:22:10.268528+00	fb8ec15e-8a62-4798-83c2-55e350a9226c	\N
c23f90e1-df56-4134-8e04-1e8f17f901cb	Car Maintenance	expense	#FF5722	\N	f	\N	t	2026-02-28 14:22:10.268789+00	fb8ec15e-8a62-4798-83c2-55e350a9226c	\N
0101298e-5beb-4569-a3f8-dca1fc559558	Parking	expense	#FF5722	\N	f	\N	t	2026-02-28 14:22:10.269063+00	fb8ec15e-8a62-4798-83c2-55e350a9226c	\N
90560740-afe0-46f6-a49a-15faee09aa41	Food	expense	#FF9800	utensils	f	\N	t	2026-02-28 14:22:10.269341+00	\N	\N
e1f6d315-71b2-4f58-ac0a-86a8abf95f1d	Groceries	expense	#FF9800	\N	f	\N	t	2026-02-28 14:22:10.269605+00	90560740-afe0-46f6-a49a-15faee09aa41	\N
71751f01-b916-4d3c-a15c-7d5893657f9e	Dining Out	expense	#FF9800	\N	f	\N	t	2026-02-28 14:22:10.269867+00	90560740-afe0-46f6-a49a-15faee09aa41	\N
c88740bc-2aa6-4e72-b79a-9857f44446dc	Coffee	expense	#FF9800	\N	f	\N	t	2026-02-28 14:22:10.270129+00	90560740-afe0-46f6-a49a-15faee09aa41	\N
694ef63c-5e78-41db-977d-234e9000deb8	Business Expenses	expense	#3F51B5	briefcase	t	Business Expenses	t	2026-02-28 14:22:10.270531+00	\N	\N
5a1afab9-94eb-4485-93c8-5232d3791227	Office Supplies	expense	#3F51B5	\N	t	Office Expenses	t	2026-02-28 14:22:10.27208+00	694ef63c-5e78-41db-977d-234e9000deb8	\N
ea28e127-e8fe-4bdf-ab9d-5f5d19cf90cd	Software / Subscriptions	expense	#3F51B5	\N	t	Software & Subscriptions	t	2026-02-28 14:22:10.272476+00	694ef63c-5e78-41db-977d-234e9000deb8	\N
e0646da2-4a85-4618-8539-09e4f8981a5d	Professional Services	expense	#3F51B5	\N	t	Professional Services	t	2026-02-28 14:22:10.27279+00	694ef63c-5e78-41db-977d-234e9000deb8	\N
140eae20-2209-4ff9-88d9-4ef870001008	Advertising / Marketing	expense	#3F51B5	\N	t	Advertising	t	2026-02-28 14:22:10.273098+00	694ef63c-5e78-41db-977d-234e9000deb8	\N
c2603c6c-dd26-4f2c-8281-750b63a0577d	Business Travel	expense	#3F51B5	\N	t	Travel Expenses	t	2026-02-28 14:22:10.273734+00	694ef63c-5e78-41db-977d-234e9000deb8	\N
5a1870de-41b7-4ad7-a57b-211ff3f75757	Equipment	expense	#3F51B5	\N	t	Equipment & Depreciation	t	2026-02-28 14:22:10.274403+00	694ef63c-5e78-41db-977d-234e9000deb8	\N
9c9a3883-611c-4a86-892b-1351923eaab3	Payroll	expense	#3F51B5	\N	t	Wages & Salaries	t	2026-02-28 14:22:10.275016+00	694ef63c-5e78-41db-977d-234e9000deb8	\N
4a51798b-3e4e-41df-a029-108706ed116a	Meals & Entertainment	expense	#3F51B5	\N	t	Meals & Entertainment	t	2026-02-28 14:22:10.275379+00	694ef63c-5e78-41db-977d-234e9000deb8	\N
e156727e-84b6-431f-8dd4-e4dbeb648803	Healthcare	expense	#E91E63	heart	f	\N	t	2026-02-28 14:22:10.275701+00	\N	\N
026b35d6-80a2-4994-8aaa-0c2438f60613	Health Insurance	expense	#E91E63	\N	f	\N	t	2026-02-28 14:22:10.276026+00	e156727e-84b6-431f-8dd4-e4dbeb648803	\N
eee7dfba-e08e-4585-9fe9-af2425e6618c	Medical	expense	#E91E63	\N	f	\N	t	2026-02-28 14:22:10.276364+00	e156727e-84b6-431f-8dd4-e4dbeb648803	\N
76c65e6b-b0c6-4110-8a4b-bcaadf20ff4f	Dental	expense	#E91E63	\N	f	\N	t	2026-02-28 14:22:10.276696+00	e156727e-84b6-431f-8dd4-e4dbeb648803	\N
ef3bb5ac-8a48-4107-aa6a-9b8ebc50e003	Pharmacy	expense	#E91E63	\N	f	\N	t	2026-02-28 14:22:10.27703+00	e156727e-84b6-431f-8dd4-e4dbeb648803	\N
2b588cfb-25a2-4baf-8133-79cb5bbcf56a	Entertainment	expense	#9C27B0	tv	f	\N	t	2026-02-28 14:22:10.277354+00	\N	\N
c29de80d-f3c3-4fa9-b8f8-619755c95985	Streaming / Subscriptions	expense	#9C27B0	\N	f	\N	t	2026-02-28 14:22:10.277674+00	2b588cfb-25a2-4baf-8133-79cb5bbcf56a	\N
9396fec0-8537-4040-bf5d-4194ce89e06e	Activities	expense	#9C27B0	\N	f	\N	t	2026-02-28 14:22:10.278004+00	2b588cfb-25a2-4baf-8133-79cb5bbcf56a	\N
ef8871c0-0861-45b0-a2b5-bf02e48640ab	Hobbies	expense	#9C27B0	\N	f	\N	t	2026-02-28 14:22:10.278338+00	2b588cfb-25a2-4baf-8133-79cb5bbcf56a	\N
deceec81-b928-409b-ba21-3c15ea548d63	Personal	expense	#00BCD4	user	f	\N	t	2026-02-28 14:22:10.27865+00	\N	\N
cc36486a-2e28-460d-9e64-f4332c6bf54b	Clothing	expense	#00BCD4	\N	f	\N	t	2026-02-28 14:22:10.278959+00	deceec81-b928-409b-ba21-3c15ea548d63	\N
bd5cf31a-cd62-4ea1-b8d2-8fded785cc14	Grooming	expense	#00BCD4	\N	f	\N	t	2026-02-28 14:22:10.279278+00	deceec81-b928-409b-ba21-3c15ea548d63	\N
3f6023e4-7288-423d-9866-d8e5bd3418e4	Gifts	expense	#00BCD4	\N	f	\N	t	2026-02-28 14:22:10.279544+00	deceec81-b928-409b-ba21-3c15ea548d63	\N
01954b07-fe8c-43eb-a8c6-79aed0a23b28	Education	expense	#673AB7	book-open	f	\N	t	2026-02-28 14:22:10.279767+00	\N	\N
5830e8ff-78c5-481b-9a59-d8339eeebcd9	Courses	expense	#673AB7	\N	f	\N	t	2026-02-28 14:22:10.279988+00	01954b07-fe8c-43eb-a8c6-79aed0a23b28	\N
6c9995f6-4a63-4160-992f-027f0c737ae7	Books	expense	#673AB7	\N	f	\N	t	2026-02-28 14:22:10.28022+00	01954b07-fe8c-43eb-a8c6-79aed0a23b28	\N
90d7531b-8fd1-44b0-872e-c2a45703544a	Training	expense	#673AB7	\N	f	\N	t	2026-02-28 14:22:10.280454+00	01954b07-fe8c-43eb-a8c6-79aed0a23b28	\N
fae2d594-554b-4e9f-838a-9eefb7f502b8	Debt Payments	expense	#F44336	credit-card	f	\N	t	2026-02-28 14:22:10.28068+00	\N	\N
4d77c5f8-6bab-4df9-b072-7debe9e4eb73	Credit Card	expense	#F44336	\N	f	\N	t	2026-02-28 14:22:10.280898+00	fae2d594-554b-4e9f-838a-9eefb7f502b8	\N
570595c6-a159-4397-89fe-b53a4071a987	Student Loan	expense	#F44336	\N	f	\N	t	2026-02-28 14:22:10.28112+00	fae2d594-554b-4e9f-838a-9eefb7f502b8	\N
53998262-680f-4443-81f2-f4d7230efd1a	Personal Loan	expense	#F44336	\N	f	\N	t	2026-02-28 14:22:10.281392+00	fae2d594-554b-4e9f-838a-9eefb7f502b8	\N
2ba1d6d5-02c8-4569-b0f6-a8a346facb30	Taxes	expense	#607D8B	file-text	f	\N	t	2026-02-28 14:22:10.281613+00	\N	\N
10484511-47d8-48a3-a31a-4b99676788b3	Federal Tax	expense	#607D8B	\N	f	\N	t	2026-02-28 14:22:10.281834+00	2ba1d6d5-02c8-4569-b0f6-a8a346facb30	\N
91f6ba1f-993c-45f4-a5f6-77d3ea807aac	State Tax	expense	#607D8B	\N	f	\N	t	2026-02-28 14:22:10.282057+00	2ba1d6d5-02c8-4569-b0f6-a8a346facb30	\N
f0a108ee-4578-41c1-8430-936752a96e4a	Local Tax	expense	#607D8B	\N	f	\N	t	2026-02-28 14:22:10.282297+00	2ba1d6d5-02c8-4569-b0f6-a8a346facb30	\N
9da50cef-d1a8-48d3-9de3-51ea27f942e7	Property Tax	expense	#607D8B	\N	f	\N	t	2026-02-28 14:22:10.282549+00	2ba1d6d5-02c8-4569-b0f6-a8a346facb30	\N
dcc6a8c2-32f0-4dbd-af41-4705612887cb	Savings / Investment	both	#4CAF50	piggy-bank	f	\N	t	2026-02-28 14:22:10.282787+00	\N	\N
63a3a234-301e-41a0-be0e-fc340d7eade2	Emergency Fund	both	#4CAF50	\N	f	\N	t	2026-02-28 14:22:10.283009+00	dcc6a8c2-32f0-4dbd-af41-4705612887cb	\N
9f4aabec-25c9-4aaa-85f3-1302777f1e25	Retirement	both	#4CAF50	\N	f	\N	t	2026-02-28 14:22:10.283244+00	dcc6a8c2-32f0-4dbd-af41-4705612887cb	\N
e8063e6c-6116-4d12-9e3d-cdc2e95006de	Investment	both	#4CAF50	\N	f	\N	t	2026-02-28 14:22:10.283465+00	dcc6a8c2-32f0-4dbd-af41-4705612887cb	\N
b3817a1d-91a8-468a-ae6e-9664238ec25c	Miscellaneous	both	#9E9E9E	more-horizontal	f	\N	t	2026-02-28 14:22:10.283688+00	\N	\N
\.


--
-- Data for Name: finance_financialgoal; Type: TABLE DATA; Schema: public; Owner: -
--

COPY public.finance_financialgoal (id, goal_type, target_amount, current_amount, created_at, updated_at, account_id, goal_id) FROM stdin;
\.


--
-- Data for Name: finance_recurringtransaction; Type: TABLE DATA; Schema: public; Owner: -
--

COPY public.finance_recurringtransaction (id, transaction_type, amount, description, notes, frequency, start_date, end_date, next_due_date, day_of_month, is_tax_deductible, tax_category, auto_create_calendar_event, reminder_days_before, is_active, created_at, updated_at, account_id, category_id, created_by_id, transfer_to_account_id) FROM stdin;
\.


--
-- Data for Name: finance_subscription; Type: TABLE DATA; Schema: public; Owner: -
--

COPY public.finance_subscription (id, name, description, website_url, cost, billing_cycle, next_billing_date, status, color, notify_before_renewal, auto_create_transaction, notes, started_date, cancelled_date, is_active, created_at, updated_at, account_id, category_id, user_id) FROM stdin;
e9b75686-f465-4bb2-a7c9-4fdae25089b2	Claude max	\N	\N	100.00	monthly	2026-03-31	active	#2196F3	3	t	\N	\N	\N	t	2026-03-03 19:44:19.975637+00	2026-03-03 19:44:19.975647+00	\N	\N	1
a9f331fb-e009-4d86-aa17-99defdc6e959	Crunchyroll	\N	\N	7.99	monthly	2026-03-04	active	#dba457	3	f	\N	\N	\N	t	2026-03-04 07:48:14.619419+00	2026-03-04 07:48:14.619433+00	\N	\N	1
\.


--
-- Data for Name: finance_transaction; Type: TABLE DATA; Schema: public; Owner: -
--

COPY public.finance_transaction (id, transaction_type, amount, description, notes, date, status, is_tax_deductible, tax_category, tags, attachment_url, is_active, created_at, updated_at, account_id, calendar_event_id, category_id, created_by_id, recurring_transaction_id, transfer_to_account_id, transfer_transaction_id) FROM stdin;
1ebb93b6-6986-4af0-bb1b-0ea767e4fe66	expense	2.45	Parking	\N	2026-03-03	cleared	f	\N	[]	\N	t	2026-03-03 22:17:23.62857+00	2026-03-03 22:17:23.628579+00	5accce01-3caa-464c-9bee-d72817bc31af	\N	\N	1	\N	\N	\N
7b64bbb6-b8a3-4db3-985f-76274593096d	expense	12.00	Food for Julian	\N	2026-03-03	cleared	f	\N	[]	\N	t	2026-03-03 22:16:22.26609+00	2026-03-03 22:24:36.477646+00	5accce01-3caa-464c-9bee-d72817bc31af	\N	90560740-afe0-46f6-a49a-15faee09aa41	1	\N	\N	\N
3a3eea24-7157-4848-937d-2777a0395097	expense	6.48	coffee	\N	2026-03-03	cleared	f	\N	[]	\N	t	2026-03-03 07:59:36.142689+00	2026-03-03 22:24:50.019841+00	5accce01-3caa-464c-9bee-d72817bc31af	\N	90560740-afe0-46f6-a49a-15faee09aa41	1	\N	\N	\N
530742b5-2e14-48d2-aaff-f0468a9d4a66	expense	7.99	Subscription to crunchyroll	\N	2026-03-04	cleared	t	Software & Subscriptions	[]	\N	t	2026-03-04 07:49:47.0847+00	2026-03-04 07:49:47.084713+00	5accce01-3caa-464c-9bee-d72817bc31af	\N	ea28e127-e8fe-4bdf-ab9d-5f5d19cf90cd	1	\N	\N	\N
fe275f3f-b840-412f-bd03-38bf10c1c7d4	expense	90.88	Amex payment plan	\N	2026-03-04	pending	f	\N	[]	\N	t	2026-03-04 14:50:38.652913+00	2026-03-04 14:50:38.652925+00	5accce01-3caa-464c-9bee-d72817bc31af	\N	\N	1	\N	\N	\N
a419e38d-e903-43cb-9ada-691c8c38b314	expense	10.53	Chipotle	\N	2026-03-05	cleared	f	\N	[]	\N	t	2026-03-05 02:38:38.599102+00	2026-03-05 02:38:38.599114+00	5accce01-3caa-464c-9bee-d72817bc31af	\N	90560740-afe0-46f6-a49a-15faee09aa41	1	\N	\N	\N
7b555510-f8a5-4393-a602-00641c192bbb	expense	100.00	Misc	\N	2026-03-05	cleared	f	\N	[]	\N	t	2026-03-07 02:09:43.230006+00	2026-03-07 02:09:43.230018+00	5accce01-3caa-464c-9bee-d72817bc31af	\N	\N	1	\N	\N	\N
59870d16-e00c-4130-9d05-2e6614ec18f6	expense	154.50	Tithe	\N	2026-03-05	cleared	f	\N	[]	\N	t	2026-03-07 02:10:26.693219+00	2026-03-07 02:10:26.693231+00	5accce01-3caa-464c-9bee-d72817bc31af	\N	\N	1	\N	\N	\N
925dec07-92eb-4b96-9b65-9bca3d62ec48	expense	400.00	Rent	\N	2026-03-07	cleared	t	Business Expenses	[]	\N	t	2026-03-07 02:12:06.451896+00	2026-03-07 02:12:06.45191+00	5accce01-3caa-464c-9bee-d72817bc31af	\N	694ef63c-5e78-41db-977d-234e9000deb8	1	\N	\N	\N
a06035f8-24ad-46b8-a0ac-9a331b2620be	income	185.00	Fidelity payment	\N	2026-03-07	cleared	f	\N	[]	\N	t	2026-03-07 02:13:12.685938+00	2026-03-07 02:13:12.685951+00	5accce01-3caa-464c-9bee-d72817bc31af	\N	\N	1	\N	\N	\N
d6fe05f5-c3cc-40ff-befe-24176ed7b745	expense	2.45	parking	\N	2026-03-07	cleared	f	\N	[]	\N	t	2026-03-07 02:15:08.417661+00	2026-03-07 02:15:08.41767+00	5accce01-3caa-464c-9bee-d72817bc31af	\N	0101298e-5beb-4569-a3f8-dca1fc559558	1	\N	\N	\N
a8e9dae6-be57-455a-8fab-e4190894f7f6	expense	10.53	chipotle	\N	2026-03-07	cleared	f	\N	[]	\N	t	2026-03-07 02:15:40.82845+00	2026-03-07 02:15:40.828463+00	5accce01-3caa-464c-9bee-d72817bc31af	\N	71751f01-b916-4d3c-a15c-7d5893657f9e	1	\N	\N	\N
2b5a4cb0-6f9e-4e00-b1a8-64d62729414e	expense	100.00	Payment	\N	2026-03-07	cleared	f	\N	[]	\N	t	2026-03-07 02:16:43.202017+00	2026-03-07 02:16:43.20203+00	5accce01-3caa-464c-9bee-d72817bc31af	\N	\N	1	\N	\N	\N
a0f37860-a348-4441-ac32-a46639bdd836	expense	22.00	Chase CC	\N	2026-03-07	cleared	f	\N	[]	\N	t	2026-03-07 02:17:17.525425+00	2026-03-07 02:17:17.525437+00	5accce01-3caa-464c-9bee-d72817bc31af	\N	4d77c5f8-6bab-4df9-b072-7debe9e4eb73	1	\N	\N	\N
13341774-c50c-49b7-bad9-dddc7b6ef381	expense	90.88	Amex CC	\N	2026-03-07	cleared	f	\N	[]	\N	t	2026-03-07 02:17:39.542061+00	2026-03-07 02:17:39.542074+00	5accce01-3caa-464c-9bee-d72817bc31af	\N	4d77c5f8-6bab-4df9-b072-7debe9e4eb73	1	\N	\N	\N
5740bc63-b9ae-409b-a2f5-86b8d149ed09	expense	119.40	Bday	\N	2026-03-08	cleared	f	\N	[]	\N	t	2026-03-08 01:47:19.530992+00	2026-03-08 01:47:19.531005+00	5accce01-3caa-464c-9bee-d72817bc31af	\N	90560740-afe0-46f6-a49a-15faee09aa41	1	\N	\N	\N
02e85b42-344d-4f81-9423-993b8c53b6b1	expense	89.59	Tj maxx clothes	\N	2026-03-09	cleared	f	\N	[]	\N	t	2026-03-09 09:31:12.049008+00	2026-03-09 09:31:12.049018+00	5accce01-3caa-464c-9bee-d72817bc31af	\N	deceec81-b928-409b-ba21-3c15ea548d63	1	\N	\N	\N
1bfe81f2-0d1b-4b98-944c-ebd35f675d5f	expense	9.06	McDonald's	\N	2026-03-09	cleared	f	\N	[]	\N	t	2026-03-09 10:15:16.098621+00	2026-03-09 10:15:16.098634+00	5accce01-3caa-464c-9bee-d72817bc31af	\N	90560740-afe0-46f6-a49a-15faee09aa41	1	\N	\N	\N
5d6e28a7-d651-409f-8e6f-4233ea24814c	expense	0.01	SQL write test - please delete		2026-03-09	cleared	f	\N	[]	\N	f	2026-03-09 12:42:00.821411+00	2026-03-09 12:42:00.821411+00	5accce01-3caa-464c-9bee-d72817bc31af	\N	\N	1	\N	\N	\N
\.


--
-- Name: auth_group_id_seq; Type: SEQUENCE SET; Schema: public; Owner: -
--

SELECT pg_catalog.setval('public.auth_group_id_seq', 1, false);


--
-- Name: auth_group_permissions_id_seq; Type: SEQUENCE SET; Schema: public; Owner: -
--

SELECT pg_catalog.setval('public.auth_group_permissions_id_seq', 1, false);


--
-- Name: auth_permission_id_seq; Type: SEQUENCE SET; Schema: public; Owner: -
--

SELECT pg_catalog.setval('public.auth_permission_id_seq', 92, true);


--
-- Name: authentication_user_groups_id_seq; Type: SEQUENCE SET; Schema: public; Owner: -
--

SELECT pg_catalog.setval('public.authentication_user_groups_id_seq', 1, false);


--
-- Name: authentication_user_id_seq; Type: SEQUENCE SET; Schema: public; Owner: -
--

SELECT pg_catalog.setval('public.authentication_user_id_seq', 1, true);


--
-- Name: authentication_user_user_permissions_id_seq; Type: SEQUENCE SET; Schema: public; Owner: -
--

SELECT pg_catalog.setval('public.authentication_user_user_permissions_id_seq', 1, false);


--
-- Name: calendar_app_calendarshare_id_seq; Type: SEQUENCE SET; Schema: public; Owner: -
--

SELECT pg_catalog.setval('public.calendar_app_calendarshare_id_seq', 1, false);


--
-- Name: calendar_app_eventattendee_id_seq; Type: SEQUENCE SET; Schema: public; Owner: -
--

SELECT pg_catalog.setval('public.calendar_app_eventattendee_id_seq', 1, false);


--
-- Name: calendar_app_eventreminder_id_seq; Type: SEQUENCE SET; Schema: public; Owner: -
--

SELECT pg_catalog.setval('public.calendar_app_eventreminder_id_seq', 411, true);


--
-- Name: calendar_app_goalprogress_id_seq; Type: SEQUENCE SET; Schema: public; Owner: -
--

SELECT pg_catalog.setval('public.calendar_app_goalprogress_id_seq', 1, false);


--
-- Name: calendar_app_responsibilitycompletion_id_seq; Type: SEQUENCE SET; Schema: public; Owner: -
--

SELECT pg_catalog.setval('public.calendar_app_responsibilitycompletion_id_seq', 1, false);


--
-- Name: django_admin_log_id_seq; Type: SEQUENCE SET; Schema: public; Owner: -
--

SELECT pg_catalog.setval('public.django_admin_log_id_seq', 5, true);


--
-- Name: django_content_type_id_seq; Type: SEQUENCE SET; Schema: public; Owner: -
--

SELECT pg_catalog.setval('public.django_content_type_id_seq', 23, true);


--
-- Name: django_migrations_id_seq; Type: SEQUENCE SET; Schema: public; Owner: -
--

SELECT pg_catalog.setval('public.django_migrations_id_seq', 26, true);


--
-- Name: finance_accountmember_id_seq; Type: SEQUENCE SET; Schema: public; Owner: -
--

SELECT pg_catalog.setval('public.finance_accountmember_id_seq', 1, false);


--
-- Name: auth_group auth_group_name_key; Type: CONSTRAINT; Schema: public; Owner: -
--

ALTER TABLE ONLY public.auth_group
    ADD CONSTRAINT auth_group_name_key UNIQUE (name);


--
-- Name: auth_group_permissions auth_group_permissions_group_id_permission_id_0cd325b0_uniq; Type: CONSTRAINT; Schema: public; Owner: -
--

ALTER TABLE ONLY public.auth_group_permissions
    ADD CONSTRAINT auth_group_permissions_group_id_permission_id_0cd325b0_uniq UNIQUE (group_id, permission_id);


--
-- Name: auth_group_permissions auth_group_permissions_pkey; Type: CONSTRAINT; Schema: public; Owner: -
--

ALTER TABLE ONLY public.auth_group_permissions
    ADD CONSTRAINT auth_group_permissions_pkey PRIMARY KEY (id);


--
-- Name: auth_group auth_group_pkey; Type: CONSTRAINT; Schema: public; Owner: -
--

ALTER TABLE ONLY public.auth_group
    ADD CONSTRAINT auth_group_pkey PRIMARY KEY (id);


--
-- Name: auth_permission auth_permission_content_type_id_codename_01ab375a_uniq; Type: CONSTRAINT; Schema: public; Owner: -
--

ALTER TABLE ONLY public.auth_permission
    ADD CONSTRAINT auth_permission_content_type_id_codename_01ab375a_uniq UNIQUE (content_type_id, codename);


--
-- Name: auth_permission auth_permission_pkey; Type: CONSTRAINT; Schema: public; Owner: -
--

ALTER TABLE ONLY public.auth_permission
    ADD CONSTRAINT auth_permission_pkey PRIMARY KEY (id);


--
-- Name: authentication_user authentication_user_email_key; Type: CONSTRAINT; Schema: public; Owner: -
--

ALTER TABLE ONLY public.authentication_user
    ADD CONSTRAINT authentication_user_email_key UNIQUE (email);


--
-- Name: authentication_user_groups authentication_user_groups_pkey; Type: CONSTRAINT; Schema: public; Owner: -
--

ALTER TABLE ONLY public.authentication_user_groups
    ADD CONSTRAINT authentication_user_groups_pkey PRIMARY KEY (id);


--
-- Name: authentication_user_groups authentication_user_groups_user_id_group_id_8af031ac_uniq; Type: CONSTRAINT; Schema: public; Owner: -
--

ALTER TABLE ONLY public.authentication_user_groups
    ADD CONSTRAINT authentication_user_groups_user_id_group_id_8af031ac_uniq UNIQUE (user_id, group_id);


--
-- Name: authentication_user authentication_user_pkey; Type: CONSTRAINT; Schema: public; Owner: -
--

ALTER TABLE ONLY public.authentication_user
    ADD CONSTRAINT authentication_user_pkey PRIMARY KEY (id);


--
-- Name: authentication_user_user_permissions authentication_user_user_permissions_pkey; Type: CONSTRAINT; Schema: public; Owner: -
--

ALTER TABLE ONLY public.authentication_user_user_permissions
    ADD CONSTRAINT authentication_user_user_permissions_pkey PRIMARY KEY (id);


--
-- Name: authentication_user_user_permissions authentication_user_user_user_id_permission_id_ec51b09f_uniq; Type: CONSTRAINT; Schema: public; Owner: -
--

ALTER TABLE ONLY public.authentication_user_user_permissions
    ADD CONSTRAINT authentication_user_user_user_id_permission_id_ec51b09f_uniq UNIQUE (user_id, permission_id);


--
-- Name: authentication_user authentication_user_username_key; Type: CONSTRAINT; Schema: public; Owner: -
--

ALTER TABLE ONLY public.authentication_user
    ADD CONSTRAINT authentication_user_username_key UNIQUE (username);


--
-- Name: calendar_app_calendar calendar_app_calendar_pkey; Type: CONSTRAINT; Schema: public; Owner: -
--

ALTER TABLE ONLY public.calendar_app_calendar
    ADD CONSTRAINT calendar_app_calendar_pkey PRIMARY KEY (id);


--
-- Name: calendar_app_calendarshare calendar_app_calendarshare_calendar_id_user_id_1db5f631_uniq; Type: CONSTRAINT; Schema: public; Owner: -
--

ALTER TABLE ONLY public.calendar_app_calendarshare
    ADD CONSTRAINT calendar_app_calendarshare_calendar_id_user_id_1db5f631_uniq UNIQUE (calendar_id, user_id);


--
-- Name: calendar_app_calendarshare calendar_app_calendarshare_pkey; Type: CONSTRAINT; Schema: public; Owner: -
--

ALTER TABLE ONLY public.calendar_app_calendarshare
    ADD CONSTRAINT calendar_app_calendarshare_pkey PRIMARY KEY (id);


--
-- Name: calendar_app_event calendar_app_event_pkey; Type: CONSTRAINT; Schema: public; Owner: -
--

ALTER TABLE ONLY public.calendar_app_event
    ADD CONSTRAINT calendar_app_event_pkey PRIMARY KEY (id);


--
-- Name: calendar_app_eventattendee calendar_app_eventattendee_event_id_user_id_9e9d1805_uniq; Type: CONSTRAINT; Schema: public; Owner: -
--

ALTER TABLE ONLY public.calendar_app_eventattendee
    ADD CONSTRAINT calendar_app_eventattendee_event_id_user_id_9e9d1805_uniq UNIQUE (event_id, user_id);


--
-- Name: calendar_app_eventattendee calendar_app_eventattendee_pkey; Type: CONSTRAINT; Schema: public; Owner: -
--

ALTER TABLE ONLY public.calendar_app_eventattendee
    ADD CONSTRAINT calendar_app_eventattendee_pkey PRIMARY KEY (id);


--
-- Name: calendar_app_eventreminder calendar_app_eventremind_event_id_user_id_reminde_81d6db3a_uniq; Type: CONSTRAINT; Schema: public; Owner: -
--

ALTER TABLE ONLY public.calendar_app_eventreminder
    ADD CONSTRAINT calendar_app_eventremind_event_id_user_id_reminde_81d6db3a_uniq UNIQUE (event_id, user_id, reminder_type, minutes_before);


--
-- Name: calendar_app_eventreminder calendar_app_eventreminder_pkey; Type: CONSTRAINT; Schema: public; Owner: -
--

ALTER TABLE ONLY public.calendar_app_eventreminder
    ADD CONSTRAINT calendar_app_eventreminder_pkey PRIMARY KEY (id);


--
-- Name: calendar_app_goal calendar_app_goal_pkey; Type: CONSTRAINT; Schema: public; Owner: -
--

ALTER TABLE ONLY public.calendar_app_goal
    ADD CONSTRAINT calendar_app_goal_pkey PRIMARY KEY (id);


--
-- Name: calendar_app_goalprogress calendar_app_goalprogress_goal_id_date_1b03ec53_uniq; Type: CONSTRAINT; Schema: public; Owner: -
--

ALTER TABLE ONLY public.calendar_app_goalprogress
    ADD CONSTRAINT calendar_app_goalprogress_goal_id_date_1b03ec53_uniq UNIQUE (goal_id, date);


--
-- Name: calendar_app_goalprogress calendar_app_goalprogress_pkey; Type: CONSTRAINT; Schema: public; Owner: -
--

ALTER TABLE ONLY public.calendar_app_goalprogress
    ADD CONSTRAINT calendar_app_goalprogress_pkey PRIMARY KEY (id);


--
-- Name: calendar_app_responsibility calendar_app_responsibility_pkey; Type: CONSTRAINT; Schema: public; Owner: -
--

ALTER TABLE ONLY public.calendar_app_responsibility
    ADD CONSTRAINT calendar_app_responsibility_pkey PRIMARY KEY (id);


--
-- Name: calendar_app_responsibilitycompletion calendar_app_responsibilitycompletion_pkey; Type: CONSTRAINT; Schema: public; Owner: -
--

ALTER TABLE ONLY public.calendar_app_responsibilitycompletion
    ADD CONSTRAINT calendar_app_responsibilitycompletion_pkey PRIMARY KEY (id);


--
-- Name: django_admin_log django_admin_log_pkey; Type: CONSTRAINT; Schema: public; Owner: -
--

ALTER TABLE ONLY public.django_admin_log
    ADD CONSTRAINT django_admin_log_pkey PRIMARY KEY (id);


--
-- Name: django_content_type django_content_type_app_label_model_76bd3d3b_uniq; Type: CONSTRAINT; Schema: public; Owner: -
--

ALTER TABLE ONLY public.django_content_type
    ADD CONSTRAINT django_content_type_app_label_model_76bd3d3b_uniq UNIQUE (app_label, model);


--
-- Name: django_content_type django_content_type_pkey; Type: CONSTRAINT; Schema: public; Owner: -
--

ALTER TABLE ONLY public.django_content_type
    ADD CONSTRAINT django_content_type_pkey PRIMARY KEY (id);


--
-- Name: django_migrations django_migrations_pkey; Type: CONSTRAINT; Schema: public; Owner: -
--

ALTER TABLE ONLY public.django_migrations
    ADD CONSTRAINT django_migrations_pkey PRIMARY KEY (id);


--
-- Name: django_session django_session_pkey; Type: CONSTRAINT; Schema: public; Owner: -
--

ALTER TABLE ONLY public.django_session
    ADD CONSTRAINT django_session_pkey PRIMARY KEY (session_key);


--
-- Name: finance_account finance_account_pkey; Type: CONSTRAINT; Schema: public; Owner: -
--

ALTER TABLE ONLY public.finance_account
    ADD CONSTRAINT finance_account_pkey PRIMARY KEY (id);


--
-- Name: finance_accountmember finance_accountmember_account_id_user_id_9d7ee8bd_uniq; Type: CONSTRAINT; Schema: public; Owner: -
--

ALTER TABLE ONLY public.finance_accountmember
    ADD CONSTRAINT finance_accountmember_account_id_user_id_9d7ee8bd_uniq UNIQUE (account_id, user_id);


--
-- Name: finance_accountmember finance_accountmember_pkey; Type: CONSTRAINT; Schema: public; Owner: -
--

ALTER TABLE ONLY public.finance_accountmember
    ADD CONSTRAINT finance_accountmember_pkey PRIMARY KEY (id);


--
-- Name: finance_budget finance_budget_pkey; Type: CONSTRAINT; Schema: public; Owner: -
--

ALTER TABLE ONLY public.finance_budget
    ADD CONSTRAINT finance_budget_pkey PRIMARY KEY (id);


--
-- Name: finance_category finance_category_pkey; Type: CONSTRAINT; Schema: public; Owner: -
--

ALTER TABLE ONLY public.finance_category
    ADD CONSTRAINT finance_category_pkey PRIMARY KEY (id);


--
-- Name: finance_financialgoal finance_financialgoal_goal_id_key; Type: CONSTRAINT; Schema: public; Owner: -
--

ALTER TABLE ONLY public.finance_financialgoal
    ADD CONSTRAINT finance_financialgoal_goal_id_key UNIQUE (goal_id);


--
-- Name: finance_financialgoal finance_financialgoal_pkey; Type: CONSTRAINT; Schema: public; Owner: -
--

ALTER TABLE ONLY public.finance_financialgoal
    ADD CONSTRAINT finance_financialgoal_pkey PRIMARY KEY (id);


--
-- Name: finance_recurringtransaction finance_recurringtransaction_pkey; Type: CONSTRAINT; Schema: public; Owner: -
--

ALTER TABLE ONLY public.finance_recurringtransaction
    ADD CONSTRAINT finance_recurringtransaction_pkey PRIMARY KEY (id);


--
-- Name: finance_subscription finance_subscription_pkey; Type: CONSTRAINT; Schema: public; Owner: -
--

ALTER TABLE ONLY public.finance_subscription
    ADD CONSTRAINT finance_subscription_pkey PRIMARY KEY (id);


--
-- Name: finance_transaction finance_transaction_pkey; Type: CONSTRAINT; Schema: public; Owner: -
--

ALTER TABLE ONLY public.finance_transaction
    ADD CONSTRAINT finance_transaction_pkey PRIMARY KEY (id);


--
-- Name: finance_transaction finance_transaction_transfer_transaction_id_key; Type: CONSTRAINT; Schema: public; Owner: -
--

ALTER TABLE ONLY public.finance_transaction
    ADD CONSTRAINT finance_transaction_transfer_transaction_id_key UNIQUE (transfer_transaction_id);


--
-- Name: auth_group_name_a6ea08ec_like; Type: INDEX; Schema: public; Owner: -
--

CREATE INDEX auth_group_name_a6ea08ec_like ON public.auth_group USING btree (name varchar_pattern_ops);


--
-- Name: auth_group_permissions_group_id_b120cbf9; Type: INDEX; Schema: public; Owner: -
--

CREATE INDEX auth_group_permissions_group_id_b120cbf9 ON public.auth_group_permissions USING btree (group_id);


--
-- Name: auth_group_permissions_permission_id_84c5c92e; Type: INDEX; Schema: public; Owner: -
--

CREATE INDEX auth_group_permissions_permission_id_84c5c92e ON public.auth_group_permissions USING btree (permission_id);


--
-- Name: auth_permission_content_type_id_2f476e4b; Type: INDEX; Schema: public; Owner: -
--

CREATE INDEX auth_permission_content_type_id_2f476e4b ON public.auth_permission USING btree (content_type_id);


--
-- Name: authentication_user_email_2220eff5_like; Type: INDEX; Schema: public; Owner: -
--

CREATE INDEX authentication_user_email_2220eff5_like ON public.authentication_user USING btree (email varchar_pattern_ops);


--
-- Name: authentication_user_groups_group_id_6b5c44b7; Type: INDEX; Schema: public; Owner: -
--

CREATE INDEX authentication_user_groups_group_id_6b5c44b7 ON public.authentication_user_groups USING btree (group_id);


--
-- Name: authentication_user_groups_user_id_30868577; Type: INDEX; Schema: public; Owner: -
--

CREATE INDEX authentication_user_groups_user_id_30868577 ON public.authentication_user_groups USING btree (user_id);


--
-- Name: authentication_user_user_permissions_permission_id_ea6be19a; Type: INDEX; Schema: public; Owner: -
--

CREATE INDEX authentication_user_user_permissions_permission_id_ea6be19a ON public.authentication_user_user_permissions USING btree (permission_id);


--
-- Name: authentication_user_user_permissions_user_id_736ebf7e; Type: INDEX; Schema: public; Owner: -
--

CREATE INDEX authentication_user_user_permissions_user_id_736ebf7e ON public.authentication_user_user_permissions USING btree (user_id);


--
-- Name: authentication_user_username_a09a089e_like; Type: INDEX; Schema: public; Owner: -
--

CREATE INDEX authentication_user_username_a09a089e_like ON public.authentication_user USING btree (username varchar_pattern_ops);


--
-- Name: calendar_app_calendar_owner_id_999a708b; Type: INDEX; Schema: public; Owner: -
--

CREATE INDEX calendar_app_calendar_owner_id_999a708b ON public.calendar_app_calendar USING btree (owner_id);


--
-- Name: calendar_app_calendarshare_calendar_id_a6246c6a; Type: INDEX; Schema: public; Owner: -
--

CREATE INDEX calendar_app_calendarshare_calendar_id_a6246c6a ON public.calendar_app_calendarshare USING btree (calendar_id);


--
-- Name: calendar_app_calendarshare_user_id_bdc87af9; Type: INDEX; Schema: public; Owner: -
--

CREATE INDEX calendar_app_calendarshare_user_id_bdc87af9 ON public.calendar_app_calendarshare USING btree (user_id);


--
-- Name: calendar_app_event_calendar_id_53ffc065; Type: INDEX; Schema: public; Owner: -
--

CREATE INDEX calendar_app_event_calendar_id_53ffc065 ON public.calendar_app_event USING btree (calendar_id);


--
-- Name: calendar_app_event_creator_id_60f5d539; Type: INDEX; Schema: public; Owner: -
--

CREATE INDEX calendar_app_event_creator_id_60f5d539 ON public.calendar_app_event USING btree (creator_id);


--
-- Name: calendar_app_eventattendee_event_id_db50508e; Type: INDEX; Schema: public; Owner: -
--

CREATE INDEX calendar_app_eventattendee_event_id_db50508e ON public.calendar_app_eventattendee USING btree (event_id);


--
-- Name: calendar_app_eventattendee_user_id_30e76b74; Type: INDEX; Schema: public; Owner: -
--

CREATE INDEX calendar_app_eventattendee_user_id_30e76b74 ON public.calendar_app_eventattendee USING btree (user_id);


--
-- Name: calendar_app_eventreminder_event_id_1070c987; Type: INDEX; Schema: public; Owner: -
--

CREATE INDEX calendar_app_eventreminder_event_id_1070c987 ON public.calendar_app_eventreminder USING btree (event_id);


--
-- Name: calendar_app_eventreminder_user_id_0f470257; Type: INDEX; Schema: public; Owner: -
--

CREATE INDEX calendar_app_eventreminder_user_id_0f470257 ON public.calendar_app_eventreminder USING btree (user_id);


--
-- Name: calendar_app_goal_user_id_5871a902; Type: INDEX; Schema: public; Owner: -
--

CREATE INDEX calendar_app_goal_user_id_5871a902 ON public.calendar_app_goal USING btree (user_id);


--
-- Name: calendar_app_goalprogress_goal_id_a388fdcc; Type: INDEX; Schema: public; Owner: -
--

CREATE INDEX calendar_app_goalprogress_goal_id_a388fdcc ON public.calendar_app_goalprogress USING btree (goal_id);


--
-- Name: calendar_app_responsibilit_responsibility_id_977b8abe; Type: INDEX; Schema: public; Owner: -
--

CREATE INDEX calendar_app_responsibilit_responsibility_id_977b8abe ON public.calendar_app_responsibilitycompletion USING btree (responsibility_id);


--
-- Name: calendar_app_responsibility_assigned_to_id_985d9e39; Type: INDEX; Schema: public; Owner: -
--

CREATE INDEX calendar_app_responsibility_assigned_to_id_985d9e39 ON public.calendar_app_responsibility USING btree (assigned_to_id);


--
-- Name: calendar_app_responsibility_user_id_5a840d62; Type: INDEX; Schema: public; Owner: -
--

CREATE INDEX calendar_app_responsibility_user_id_5a840d62 ON public.calendar_app_responsibility USING btree (user_id);


--
-- Name: django_admin_log_content_type_id_c4bce8eb; Type: INDEX; Schema: public; Owner: -
--

CREATE INDEX django_admin_log_content_type_id_c4bce8eb ON public.django_admin_log USING btree (content_type_id);


--
-- Name: django_admin_log_user_id_c564eba6; Type: INDEX; Schema: public; Owner: -
--

CREATE INDEX django_admin_log_user_id_c564eba6 ON public.django_admin_log USING btree (user_id);


--
-- Name: django_session_expire_date_a5c62663; Type: INDEX; Schema: public; Owner: -
--

CREATE INDEX django_session_expire_date_a5c62663 ON public.django_session USING btree (expire_date);


--
-- Name: django_session_session_key_c0390e0f_like; Type: INDEX; Schema: public; Owner: -
--

CREATE INDEX django_session_session_key_c0390e0f_like ON public.django_session USING btree (session_key varchar_pattern_ops);


--
-- Name: finance_account_owner_id_cc645d0e; Type: INDEX; Schema: public; Owner: -
--

CREATE INDEX finance_account_owner_id_cc645d0e ON public.finance_account USING btree (owner_id);


--
-- Name: finance_accountmember_account_id_e8f993e2; Type: INDEX; Schema: public; Owner: -
--

CREATE INDEX finance_accountmember_account_id_e8f993e2 ON public.finance_accountmember USING btree (account_id);


--
-- Name: finance_accountmember_user_id_96538283; Type: INDEX; Schema: public; Owner: -
--

CREATE INDEX finance_accountmember_user_id_96538283 ON public.finance_accountmember USING btree (user_id);


--
-- Name: finance_budget_account_id_c80a196b; Type: INDEX; Schema: public; Owner: -
--

CREATE INDEX finance_budget_account_id_c80a196b ON public.finance_budget USING btree (account_id);


--
-- Name: finance_budget_category_id_3ead498a; Type: INDEX; Schema: public; Owner: -
--

CREATE INDEX finance_budget_category_id_3ead498a ON public.finance_budget USING btree (category_id);


--
-- Name: finance_budget_user_id_5b42ea65; Type: INDEX; Schema: public; Owner: -
--

CREATE INDEX finance_budget_user_id_5b42ea65 ON public.finance_budget USING btree (user_id);


--
-- Name: finance_category_parent_id_add26bac; Type: INDEX; Schema: public; Owner: -
--

CREATE INDEX finance_category_parent_id_add26bac ON public.finance_category USING btree (parent_id);


--
-- Name: finance_category_user_id_be013ba3; Type: INDEX; Schema: public; Owner: -
--

CREATE INDEX finance_category_user_id_be013ba3 ON public.finance_category USING btree (user_id);


--
-- Name: finance_financialgoal_account_id_850a74f5; Type: INDEX; Schema: public; Owner: -
--

CREATE INDEX finance_financialgoal_account_id_850a74f5 ON public.finance_financialgoal USING btree (account_id);


--
-- Name: finance_recurringtransaction_account_id_b7d51c90; Type: INDEX; Schema: public; Owner: -
--

CREATE INDEX finance_recurringtransaction_account_id_b7d51c90 ON public.finance_recurringtransaction USING btree (account_id);


--
-- Name: finance_recurringtransaction_category_id_1297ebc5; Type: INDEX; Schema: public; Owner: -
--

CREATE INDEX finance_recurringtransaction_category_id_1297ebc5 ON public.finance_recurringtransaction USING btree (category_id);


--
-- Name: finance_recurringtransaction_created_by_id_3948d4b4; Type: INDEX; Schema: public; Owner: -
--

CREATE INDEX finance_recurringtransaction_created_by_id_3948d4b4 ON public.finance_recurringtransaction USING btree (created_by_id);


--
-- Name: finance_recurringtransaction_transfer_to_account_id_cbc1c8d6; Type: INDEX; Schema: public; Owner: -
--

CREATE INDEX finance_recurringtransaction_transfer_to_account_id_cbc1c8d6 ON public.finance_recurringtransaction USING btree (transfer_to_account_id);


--
-- Name: finance_subscription_account_id_7c347673; Type: INDEX; Schema: public; Owner: -
--

CREATE INDEX finance_subscription_account_id_7c347673 ON public.finance_subscription USING btree (account_id);


--
-- Name: finance_subscription_category_id_1236f3b4; Type: INDEX; Schema: public; Owner: -
--

CREATE INDEX finance_subscription_category_id_1236f3b4 ON public.finance_subscription USING btree (category_id);


--
-- Name: finance_subscription_user_id_7cc6a5c0; Type: INDEX; Schema: public; Owner: -
--

CREATE INDEX finance_subscription_user_id_7cc6a5c0 ON public.finance_subscription USING btree (user_id);


--
-- Name: finance_tra_account_588697_idx; Type: INDEX; Schema: public; Owner: -
--

CREATE INDEX finance_tra_account_588697_idx ON public.finance_transaction USING btree (account_id, date);


--
-- Name: finance_tra_categor_e54d5a_idx; Type: INDEX; Schema: public; Owner: -
--

CREATE INDEX finance_tra_categor_e54d5a_idx ON public.finance_transaction USING btree (category_id, date);


--
-- Name: finance_tra_created_f0aa0b_idx; Type: INDEX; Schema: public; Owner: -
--

CREATE INDEX finance_tra_created_f0aa0b_idx ON public.finance_transaction USING btree (created_by_id, date);


--
-- Name: finance_tra_transac_a36dff_idx; Type: INDEX; Schema: public; Owner: -
--

CREATE INDEX finance_tra_transac_a36dff_idx ON public.finance_transaction USING btree (transaction_type, date);


--
-- Name: finance_transaction_account_id_fb4d3f0f; Type: INDEX; Schema: public; Owner: -
--

CREATE INDEX finance_transaction_account_id_fb4d3f0f ON public.finance_transaction USING btree (account_id);


--
-- Name: finance_transaction_calendar_event_id_d803e6c2; Type: INDEX; Schema: public; Owner: -
--

CREATE INDEX finance_transaction_calendar_event_id_d803e6c2 ON public.finance_transaction USING btree (calendar_event_id);


--
-- Name: finance_transaction_category_id_f48294d6; Type: INDEX; Schema: public; Owner: -
--

CREATE INDEX finance_transaction_category_id_f48294d6 ON public.finance_transaction USING btree (category_id);


--
-- Name: finance_transaction_created_by_id_c2f2b2b4; Type: INDEX; Schema: public; Owner: -
--

CREATE INDEX finance_transaction_created_by_id_c2f2b2b4 ON public.finance_transaction USING btree (created_by_id);


--
-- Name: finance_transaction_recurring_transaction_id_5c5acd00; Type: INDEX; Schema: public; Owner: -
--

CREATE INDEX finance_transaction_recurring_transaction_id_5c5acd00 ON public.finance_transaction USING btree (recurring_transaction_id);


--
-- Name: finance_transaction_transfer_to_account_id_0d0f2d0e; Type: INDEX; Schema: public; Owner: -
--

CREATE INDEX finance_transaction_transfer_to_account_id_0d0f2d0e ON public.finance_transaction USING btree (transfer_to_account_id);


--
-- Name: auth_group_permissions auth_group_permissio_permission_id_84c5c92e_fk_auth_perm; Type: FK CONSTRAINT; Schema: public; Owner: -
--

ALTER TABLE ONLY public.auth_group_permissions
    ADD CONSTRAINT auth_group_permissio_permission_id_84c5c92e_fk_auth_perm FOREIGN KEY (permission_id) REFERENCES public.auth_permission(id) DEFERRABLE INITIALLY DEFERRED;


--
-- Name: auth_group_permissions auth_group_permissions_group_id_b120cbf9_fk_auth_group_id; Type: FK CONSTRAINT; Schema: public; Owner: -
--

ALTER TABLE ONLY public.auth_group_permissions
    ADD CONSTRAINT auth_group_permissions_group_id_b120cbf9_fk_auth_group_id FOREIGN KEY (group_id) REFERENCES public.auth_group(id) DEFERRABLE INITIALLY DEFERRED;


--
-- Name: auth_permission auth_permission_content_type_id_2f476e4b_fk_django_co; Type: FK CONSTRAINT; Schema: public; Owner: -
--

ALTER TABLE ONLY public.auth_permission
    ADD CONSTRAINT auth_permission_content_type_id_2f476e4b_fk_django_co FOREIGN KEY (content_type_id) REFERENCES public.django_content_type(id) DEFERRABLE INITIALLY DEFERRED;


--
-- Name: authentication_user_user_permissions authentication_user__permission_id_ea6be19a_fk_auth_perm; Type: FK CONSTRAINT; Schema: public; Owner: -
--

ALTER TABLE ONLY public.authentication_user_user_permissions
    ADD CONSTRAINT authentication_user__permission_id_ea6be19a_fk_auth_perm FOREIGN KEY (permission_id) REFERENCES public.auth_permission(id) DEFERRABLE INITIALLY DEFERRED;


--
-- Name: authentication_user_groups authentication_user__user_id_30868577_fk_authentic; Type: FK CONSTRAINT; Schema: public; Owner: -
--

ALTER TABLE ONLY public.authentication_user_groups
    ADD CONSTRAINT authentication_user__user_id_30868577_fk_authentic FOREIGN KEY (user_id) REFERENCES public.authentication_user(id) DEFERRABLE INITIALLY DEFERRED;


--
-- Name: authentication_user_user_permissions authentication_user__user_id_736ebf7e_fk_authentic; Type: FK CONSTRAINT; Schema: public; Owner: -
--

ALTER TABLE ONLY public.authentication_user_user_permissions
    ADD CONSTRAINT authentication_user__user_id_736ebf7e_fk_authentic FOREIGN KEY (user_id) REFERENCES public.authentication_user(id) DEFERRABLE INITIALLY DEFERRED;


--
-- Name: authentication_user_groups authentication_user_groups_group_id_6b5c44b7_fk_auth_group_id; Type: FK CONSTRAINT; Schema: public; Owner: -
--

ALTER TABLE ONLY public.authentication_user_groups
    ADD CONSTRAINT authentication_user_groups_group_id_6b5c44b7_fk_auth_group_id FOREIGN KEY (group_id) REFERENCES public.auth_group(id) DEFERRABLE INITIALLY DEFERRED;


--
-- Name: calendar_app_calendarshare calendar_app_calenda_calendar_id_a6246c6a_fk_calendar_; Type: FK CONSTRAINT; Schema: public; Owner: -
--

ALTER TABLE ONLY public.calendar_app_calendarshare
    ADD CONSTRAINT calendar_app_calenda_calendar_id_a6246c6a_fk_calendar_ FOREIGN KEY (calendar_id) REFERENCES public.calendar_app_calendar(id) DEFERRABLE INITIALLY DEFERRED;


--
-- Name: calendar_app_calendar calendar_app_calenda_owner_id_999a708b_fk_authentic; Type: FK CONSTRAINT; Schema: public; Owner: -
--

ALTER TABLE ONLY public.calendar_app_calendar
    ADD CONSTRAINT calendar_app_calenda_owner_id_999a708b_fk_authentic FOREIGN KEY (owner_id) REFERENCES public.authentication_user(id) DEFERRABLE INITIALLY DEFERRED;


--
-- Name: calendar_app_calendarshare calendar_app_calenda_user_id_bdc87af9_fk_authentic; Type: FK CONSTRAINT; Schema: public; Owner: -
--

ALTER TABLE ONLY public.calendar_app_calendarshare
    ADD CONSTRAINT calendar_app_calenda_user_id_bdc87af9_fk_authentic FOREIGN KEY (user_id) REFERENCES public.authentication_user(id) DEFERRABLE INITIALLY DEFERRED;


--
-- Name: calendar_app_event calendar_app_event_calendar_id_53ffc065_fk_calendar_; Type: FK CONSTRAINT; Schema: public; Owner: -
--

ALTER TABLE ONLY public.calendar_app_event
    ADD CONSTRAINT calendar_app_event_calendar_id_53ffc065_fk_calendar_ FOREIGN KEY (calendar_id) REFERENCES public.calendar_app_calendar(id) DEFERRABLE INITIALLY DEFERRED;


--
-- Name: calendar_app_event calendar_app_event_creator_id_60f5d539_fk_authentic; Type: FK CONSTRAINT; Schema: public; Owner: -
--

ALTER TABLE ONLY public.calendar_app_event
    ADD CONSTRAINT calendar_app_event_creator_id_60f5d539_fk_authentic FOREIGN KEY (creator_id) REFERENCES public.authentication_user(id) DEFERRABLE INITIALLY DEFERRED;


--
-- Name: calendar_app_eventattendee calendar_app_eventat_event_id_db50508e_fk_calendar_; Type: FK CONSTRAINT; Schema: public; Owner: -
--

ALTER TABLE ONLY public.calendar_app_eventattendee
    ADD CONSTRAINT calendar_app_eventat_event_id_db50508e_fk_calendar_ FOREIGN KEY (event_id) REFERENCES public.calendar_app_event(id) DEFERRABLE INITIALLY DEFERRED;


--
-- Name: calendar_app_eventattendee calendar_app_eventat_user_id_30e76b74_fk_authentic; Type: FK CONSTRAINT; Schema: public; Owner: -
--

ALTER TABLE ONLY public.calendar_app_eventattendee
    ADD CONSTRAINT calendar_app_eventat_user_id_30e76b74_fk_authentic FOREIGN KEY (user_id) REFERENCES public.authentication_user(id) DEFERRABLE INITIALLY DEFERRED;


--
-- Name: calendar_app_eventreminder calendar_app_eventre_event_id_1070c987_fk_calendar_; Type: FK CONSTRAINT; Schema: public; Owner: -
--

ALTER TABLE ONLY public.calendar_app_eventreminder
    ADD CONSTRAINT calendar_app_eventre_event_id_1070c987_fk_calendar_ FOREIGN KEY (event_id) REFERENCES public.calendar_app_event(id) DEFERRABLE INITIALLY DEFERRED;


--
-- Name: calendar_app_eventreminder calendar_app_eventre_user_id_0f470257_fk_authentic; Type: FK CONSTRAINT; Schema: public; Owner: -
--

ALTER TABLE ONLY public.calendar_app_eventreminder
    ADD CONSTRAINT calendar_app_eventre_user_id_0f470257_fk_authentic FOREIGN KEY (user_id) REFERENCES public.authentication_user(id) DEFERRABLE INITIALLY DEFERRED;


--
-- Name: calendar_app_goal calendar_app_goal_user_id_5871a902_fk_authentication_user_id; Type: FK CONSTRAINT; Schema: public; Owner: -
--

ALTER TABLE ONLY public.calendar_app_goal
    ADD CONSTRAINT calendar_app_goal_user_id_5871a902_fk_authentication_user_id FOREIGN KEY (user_id) REFERENCES public.authentication_user(id) DEFERRABLE INITIALLY DEFERRED;


--
-- Name: calendar_app_goalprogress calendar_app_goalpro_goal_id_a388fdcc_fk_calendar_; Type: FK CONSTRAINT; Schema: public; Owner: -
--

ALTER TABLE ONLY public.calendar_app_goalprogress
    ADD CONSTRAINT calendar_app_goalpro_goal_id_a388fdcc_fk_calendar_ FOREIGN KEY (goal_id) REFERENCES public.calendar_app_goal(id) DEFERRABLE INITIALLY DEFERRED;


--
-- Name: calendar_app_responsibility calendar_app_respons_assigned_to_id_985d9e39_fk_authentic; Type: FK CONSTRAINT; Schema: public; Owner: -
--

ALTER TABLE ONLY public.calendar_app_responsibility
    ADD CONSTRAINT calendar_app_respons_assigned_to_id_985d9e39_fk_authentic FOREIGN KEY (assigned_to_id) REFERENCES public.authentication_user(id) DEFERRABLE INITIALLY DEFERRED;


--
-- Name: calendar_app_responsibilitycompletion calendar_app_respons_responsibility_id_977b8abe_fk_calendar_; Type: FK CONSTRAINT; Schema: public; Owner: -
--

ALTER TABLE ONLY public.calendar_app_responsibilitycompletion
    ADD CONSTRAINT calendar_app_respons_responsibility_id_977b8abe_fk_calendar_ FOREIGN KEY (responsibility_id) REFERENCES public.calendar_app_responsibility(id) DEFERRABLE INITIALLY DEFERRED;


--
-- Name: calendar_app_responsibility calendar_app_respons_user_id_5a840d62_fk_authentic; Type: FK CONSTRAINT; Schema: public; Owner: -
--

ALTER TABLE ONLY public.calendar_app_responsibility
    ADD CONSTRAINT calendar_app_respons_user_id_5a840d62_fk_authentic FOREIGN KEY (user_id) REFERENCES public.authentication_user(id) DEFERRABLE INITIALLY DEFERRED;


--
-- Name: django_admin_log django_admin_log_content_type_id_c4bce8eb_fk_django_co; Type: FK CONSTRAINT; Schema: public; Owner: -
--

ALTER TABLE ONLY public.django_admin_log
    ADD CONSTRAINT django_admin_log_content_type_id_c4bce8eb_fk_django_co FOREIGN KEY (content_type_id) REFERENCES public.django_content_type(id) DEFERRABLE INITIALLY DEFERRED;


--
-- Name: django_admin_log django_admin_log_user_id_c564eba6_fk_authentication_user_id; Type: FK CONSTRAINT; Schema: public; Owner: -
--

ALTER TABLE ONLY public.django_admin_log
    ADD CONSTRAINT django_admin_log_user_id_c564eba6_fk_authentication_user_id FOREIGN KEY (user_id) REFERENCES public.authentication_user(id) DEFERRABLE INITIALLY DEFERRED;


--
-- Name: finance_account finance_account_owner_id_cc645d0e_fk_authentication_user_id; Type: FK CONSTRAINT; Schema: public; Owner: -
--

ALTER TABLE ONLY public.finance_account
    ADD CONSTRAINT finance_account_owner_id_cc645d0e_fk_authentication_user_id FOREIGN KEY (owner_id) REFERENCES public.authentication_user(id) DEFERRABLE INITIALLY DEFERRED;


--
-- Name: finance_accountmember finance_accountmembe_user_id_96538283_fk_authentic; Type: FK CONSTRAINT; Schema: public; Owner: -
--

ALTER TABLE ONLY public.finance_accountmember
    ADD CONSTRAINT finance_accountmembe_user_id_96538283_fk_authentic FOREIGN KEY (user_id) REFERENCES public.authentication_user(id) DEFERRABLE INITIALLY DEFERRED;


--
-- Name: finance_accountmember finance_accountmember_account_id_e8f993e2_fk_finance_account_id; Type: FK CONSTRAINT; Schema: public; Owner: -
--

ALTER TABLE ONLY public.finance_accountmember
    ADD CONSTRAINT finance_accountmember_account_id_e8f993e2_fk_finance_account_id FOREIGN KEY (account_id) REFERENCES public.finance_account(id) DEFERRABLE INITIALLY DEFERRED;


--
-- Name: finance_budget finance_budget_account_id_c80a196b_fk_finance_account_id; Type: FK CONSTRAINT; Schema: public; Owner: -
--

ALTER TABLE ONLY public.finance_budget
    ADD CONSTRAINT finance_budget_account_id_c80a196b_fk_finance_account_id FOREIGN KEY (account_id) REFERENCES public.finance_account(id) DEFERRABLE INITIALLY DEFERRED;


--
-- Name: finance_budget finance_budget_category_id_3ead498a_fk_finance_category_id; Type: FK CONSTRAINT; Schema: public; Owner: -
--

ALTER TABLE ONLY public.finance_budget
    ADD CONSTRAINT finance_budget_category_id_3ead498a_fk_finance_category_id FOREIGN KEY (category_id) REFERENCES public.finance_category(id) DEFERRABLE INITIALLY DEFERRED;


--
-- Name: finance_budget finance_budget_user_id_5b42ea65_fk_authentication_user_id; Type: FK CONSTRAINT; Schema: public; Owner: -
--

ALTER TABLE ONLY public.finance_budget
    ADD CONSTRAINT finance_budget_user_id_5b42ea65_fk_authentication_user_id FOREIGN KEY (user_id) REFERENCES public.authentication_user(id) DEFERRABLE INITIALLY DEFERRED;


--
-- Name: finance_category finance_category_parent_id_add26bac_fk_finance_category_id; Type: FK CONSTRAINT; Schema: public; Owner: -
--

ALTER TABLE ONLY public.finance_category
    ADD CONSTRAINT finance_category_parent_id_add26bac_fk_finance_category_id FOREIGN KEY (parent_id) REFERENCES public.finance_category(id) DEFERRABLE INITIALLY DEFERRED;


--
-- Name: finance_category finance_category_user_id_be013ba3_fk_authentication_user_id; Type: FK CONSTRAINT; Schema: public; Owner: -
--

ALTER TABLE ONLY public.finance_category
    ADD CONSTRAINT finance_category_user_id_be013ba3_fk_authentication_user_id FOREIGN KEY (user_id) REFERENCES public.authentication_user(id) DEFERRABLE INITIALLY DEFERRED;


--
-- Name: finance_financialgoal finance_financialgoal_account_id_850a74f5_fk_finance_account_id; Type: FK CONSTRAINT; Schema: public; Owner: -
--

ALTER TABLE ONLY public.finance_financialgoal
    ADD CONSTRAINT finance_financialgoal_account_id_850a74f5_fk_finance_account_id FOREIGN KEY (account_id) REFERENCES public.finance_account(id) DEFERRABLE INITIALLY DEFERRED;


--
-- Name: finance_financialgoal finance_financialgoal_goal_id_16815463_fk_calendar_app_goal_id; Type: FK CONSTRAINT; Schema: public; Owner: -
--

ALTER TABLE ONLY public.finance_financialgoal
    ADD CONSTRAINT finance_financialgoal_goal_id_16815463_fk_calendar_app_goal_id FOREIGN KEY (goal_id) REFERENCES public.calendar_app_goal(id) DEFERRABLE INITIALLY DEFERRED;


--
-- Name: finance_recurringtransaction finance_recurringtra_account_id_b7d51c90_fk_finance_a; Type: FK CONSTRAINT; Schema: public; Owner: -
--

ALTER TABLE ONLY public.finance_recurringtransaction
    ADD CONSTRAINT finance_recurringtra_account_id_b7d51c90_fk_finance_a FOREIGN KEY (account_id) REFERENCES public.finance_account(id) DEFERRABLE INITIALLY DEFERRED;


--
-- Name: finance_recurringtransaction finance_recurringtra_category_id_1297ebc5_fk_finance_c; Type: FK CONSTRAINT; Schema: public; Owner: -
--

ALTER TABLE ONLY public.finance_recurringtransaction
    ADD CONSTRAINT finance_recurringtra_category_id_1297ebc5_fk_finance_c FOREIGN KEY (category_id) REFERENCES public.finance_category(id) DEFERRABLE INITIALLY DEFERRED;


--
-- Name: finance_recurringtransaction finance_recurringtra_created_by_id_3948d4b4_fk_authentic; Type: FK CONSTRAINT; Schema: public; Owner: -
--

ALTER TABLE ONLY public.finance_recurringtransaction
    ADD CONSTRAINT finance_recurringtra_created_by_id_3948d4b4_fk_authentic FOREIGN KEY (created_by_id) REFERENCES public.authentication_user(id) DEFERRABLE INITIALLY DEFERRED;


--
-- Name: finance_recurringtransaction finance_recurringtra_transfer_to_account__cbc1c8d6_fk_finance_a; Type: FK CONSTRAINT; Schema: public; Owner: -
--

ALTER TABLE ONLY public.finance_recurringtransaction
    ADD CONSTRAINT finance_recurringtra_transfer_to_account__cbc1c8d6_fk_finance_a FOREIGN KEY (transfer_to_account_id) REFERENCES public.finance_account(id) DEFERRABLE INITIALLY DEFERRED;


--
-- Name: finance_subscription finance_subscription_account_id_7c347673_fk_finance_account_id; Type: FK CONSTRAINT; Schema: public; Owner: -
--

ALTER TABLE ONLY public.finance_subscription
    ADD CONSTRAINT finance_subscription_account_id_7c347673_fk_finance_account_id FOREIGN KEY (account_id) REFERENCES public.finance_account(id) DEFERRABLE INITIALLY DEFERRED;


--
-- Name: finance_subscription finance_subscription_category_id_1236f3b4_fk_finance_c; Type: FK CONSTRAINT; Schema: public; Owner: -
--

ALTER TABLE ONLY public.finance_subscription
    ADD CONSTRAINT finance_subscription_category_id_1236f3b4_fk_finance_c FOREIGN KEY (category_id) REFERENCES public.finance_category(id) DEFERRABLE INITIALLY DEFERRED;


--
-- Name: finance_subscription finance_subscription_user_id_7cc6a5c0_fk_authentication_user_id; Type: FK CONSTRAINT; Schema: public; Owner: -
--

ALTER TABLE ONLY public.finance_subscription
    ADD CONSTRAINT finance_subscription_user_id_7cc6a5c0_fk_authentication_user_id FOREIGN KEY (user_id) REFERENCES public.authentication_user(id) DEFERRABLE INITIALLY DEFERRED;


--
-- Name: finance_transaction finance_transaction_account_id_fb4d3f0f_fk_finance_account_id; Type: FK CONSTRAINT; Schema: public; Owner: -
--

ALTER TABLE ONLY public.finance_transaction
    ADD CONSTRAINT finance_transaction_account_id_fb4d3f0f_fk_finance_account_id FOREIGN KEY (account_id) REFERENCES public.finance_account(id) DEFERRABLE INITIALLY DEFERRED;


--
-- Name: finance_transaction finance_transaction_calendar_event_id_d803e6c2_fk_calendar_; Type: FK CONSTRAINT; Schema: public; Owner: -
--

ALTER TABLE ONLY public.finance_transaction
    ADD CONSTRAINT finance_transaction_calendar_event_id_d803e6c2_fk_calendar_ FOREIGN KEY (calendar_event_id) REFERENCES public.calendar_app_event(id) DEFERRABLE INITIALLY DEFERRED;


--
-- Name: finance_transaction finance_transaction_category_id_f48294d6_fk_finance_category_id; Type: FK CONSTRAINT; Schema: public; Owner: -
--

ALTER TABLE ONLY public.finance_transaction
    ADD CONSTRAINT finance_transaction_category_id_f48294d6_fk_finance_category_id FOREIGN KEY (category_id) REFERENCES public.finance_category(id) DEFERRABLE INITIALLY DEFERRED;


--
-- Name: finance_transaction finance_transaction_created_by_id_c2f2b2b4_fk_authentic; Type: FK CONSTRAINT; Schema: public; Owner: -
--

ALTER TABLE ONLY public.finance_transaction
    ADD CONSTRAINT finance_transaction_created_by_id_c2f2b2b4_fk_authentic FOREIGN KEY (created_by_id) REFERENCES public.authentication_user(id) DEFERRABLE INITIALLY DEFERRED;


--
-- Name: finance_transaction finance_transaction_recurring_transactio_5c5acd00_fk_finance_r; Type: FK CONSTRAINT; Schema: public; Owner: -
--

ALTER TABLE ONLY public.finance_transaction
    ADD CONSTRAINT finance_transaction_recurring_transactio_5c5acd00_fk_finance_r FOREIGN KEY (recurring_transaction_id) REFERENCES public.finance_recurringtransaction(id) DEFERRABLE INITIALLY DEFERRED;


--
-- Name: finance_transaction finance_transaction_transfer_to_account__0d0f2d0e_fk_finance_a; Type: FK CONSTRAINT; Schema: public; Owner: -
--

ALTER TABLE ONLY public.finance_transaction
    ADD CONSTRAINT finance_transaction_transfer_to_account__0d0f2d0e_fk_finance_a FOREIGN KEY (transfer_to_account_id) REFERENCES public.finance_account(id) DEFERRABLE INITIALLY DEFERRED;


--
-- Name: finance_transaction finance_transaction_transfer_transaction_bc7be8b3_fk_finance_t; Type: FK CONSTRAINT; Schema: public; Owner: -
--

ALTER TABLE ONLY public.finance_transaction
    ADD CONSTRAINT finance_transaction_transfer_transaction_bc7be8b3_fk_finance_t FOREIGN KEY (transfer_transaction_id) REFERENCES public.finance_transaction(id) DEFERRABLE INITIALLY DEFERRED;


--
-- PostgreSQL database dump complete
--

\unrestrict olJvHhZmPdXshzSco9NggL2cAgdNY0bEz6LPoDO9wCuDdKjz2MyaEPs0aHsgUQq

